actual,proposed,linearVelocityError,angularVelocity
0.0,0.0,0.6128534078598022,-0.0
0.0,0.0,0.6128534078598022,-0.0
0.0,0.0,0.6128534078598022,-0.0
0.0,0.0,0.6128534078598022,-0.0
0.0,0.0,0.6128534078598022,-0.0
-0.0718885213136673,-0.005683538503944874,0.6046268939971924,-0.0010038861073553562
-0.07375572621822357,-0.017369529232382774,0.5886918306350708,-0.0010445842053741217
-0.07562292367219925,-0.02411341294646263,0.5809672474861145,-0.0010988482972607017
-0.08627808094024658,-0.041166022419929504,0.5651406645774841,-0.0012536776484921575
-0.09123647958040237,-0.04916795715689659,0.5571466684341431,-0.0012824978912249207
-0.09520316869020462,-0.06818719953298569,0.5412310361862183,-0.0013833686243742704
-0.09851530194282532,-0.07563412189483643,0.5334088206291199,-0.0013833686243742704
-0.10747094452381134,-0.10326262563467026,0.516769289970398,-0.0015616337768733501
-0.11344131827354431,-0.11344131827354431,0.5001277327537537,-0.001648391131311655
-0.12584461271762848,-0.11841660737991333,0.49110862612724304,-0.0017206890042871237
-0.13993841409683228,-0.13993841409683228,0.4711638391017914,-0.002033435506746173
-0.15403196215629578,-0.14597854018211365,0.4602672755718231,-0.002121209865435958
-0.16309194266796112,-0.15403196215629578,0.43782925605773926,-0.002238241955637932
-0.15489612519741058,-0.15489612519741058,0.4151979386806488,-0.0022508001420646906
-0.16938813030719757,-0.15489612519741058,0.4036761224269867,-0.0022508001420646906
-0.17663399875164032,-0.16938813030719757,0.3908880949020386,-0.002461401280015707
-0.1838797926902771,-0.1838797926902771,0.3777371644973755,-0.0026720024179667234
-0.20496012270450592,-0.20496012270450592,0.3497898280620575,-0.002978363074362278
-0.21812087297439575,-0.2124805897474289,0.3351213335990906,-0.0030876609962433577
-0.22470109164714813,-0.21812087297439575,0.29225653409957886,-0.0031696343794465065
-0.22936350107192993,-0.22390331327915192,0.2783051133155823,-0.0032536748331040144
-0.23573365807533264,-0.23573365807533264,0.26350143551826477,-0.003425617003813386
-0.24574369192123413,-0.24119369685649872,0.2480918914079666,-0.003504975000396371
-0.26237788796424866,-0.24574369192123413,0.21777063608169556,-0.0035711065866053104
-0.2671300768852234,-0.2671300768852234,0.2029447704553604,-0.0038819548208266497
-0.2756839096546173,-0.27093181014060974,0.18772757053375244,-0.003937214147299528
-0.2794855535030365,-0.2756839096546173,0.15818825364112854,-0.004006288014352322
-0.2832871675491333,-0.2832871675491333,0.14383776485919952,-0.004116806201636791
-0.3153965175151825,-0.3153965175151825,0.1150948628783226,-0.004583562724292278
-0.3195180892944336,-0.3184877038002014,0.101119764149189,-0.0046284995041787624
-0.3195180892944336,-0.3195180892944336,0.07476140558719635,-0.0046434784308075905
-0.26082804799079895,-0.26082804799079895,0.062444426119327545,-0.0037903538905084133
-0.26082804799079895,-0.26082804799079895,0.050601184368133545,-0.0037903538905084133
-0.26082804799079895,-0.26082804799079895,0.028263701125979424,-0.0037903538905084133
-0.26082804799079895,-0.26082804799079895,0.01773509941995144,-0.0037903538905084133
-0.24041633307933807,-0.24041633307933807,-0.011174380779266357,-0.0034936764277517796
-0.2396358996629715,-0.24041633307933807,-0.011174380779266357,-0.0034936764277517796
-0.23729458451271057,-0.23729458451271057,-0.027906175702810287,-0.003448304021731019
-0.3033873438835144,-0.30644071102142334,-0.03509918600320816,-0.004453372675925493
-0.1999959945678711,-0.1999959945678711,0.2591933608055115,-0.004364600870758295
-0.19525088369846344,-0.19525088369846344,0.24339081346988678,-0.004261034075170755
-0.18482241034507751,-0.19321726262569427,0.23919428884983063,-0.004216648638248444
-0.18025128543376923,-0.18025128543376923,0.23243801295757294,-0.003933658357709646
-0.17502710223197937,-0.17829221487045288,0.22973111271858215,-0.0038909013383090496
-0.14439891278743744,-0.17502710223197937,0.2261008471250534,-0.003819639328867197
-0.14330504834651947,-0.14439891278743744,0.2261008471250534,-0.003151189535856247
-0.14057038724422455,-0.14330504834651947,0.2234315574169159,-0.0031273167114704847
-0.13783571124076843,-0.13783571124076843,0.22331465780735016,-0.0030079535208642483
-0.1481766253709793,-0.1481766253709793,0.22352276742458344,-0.003233635099604726
-0.14639148116111755,-0.14698652923107147,0.2239365428686142,-0.003207661909982562
-0.14579643309116364,-0.14579643309116364,0.22503337264060974,-0.0031816891860216856
-0.1446063369512558,-0.1446063369512558,0.2265693098306656,-0.0031557162292301655
-0.13456450402736664,-0.13456450402736664,0.22740010917186737,-0.002936562756076455
-0.13512052595615387,-0.13512052595615387,0.22886022925376892,-0.0029486974235624075
-0.1373445987701416,-0.1356765478849411,0.22957737743854523,-0.0029608318582177162
-0.16178306937217712,-0.16178306937217712,0.22929531335830688,-0.0035305889323353767
-0.16627667844295502,-0.16627667844295502,0.22756758332252502,-0.0036286611575633287
-0.17415045201778412,-0.17415045201778412,0.2239772528409958,-0.0038005062378942966
-0.18127115070819855,-0.18127115070819855,0.21845529973506927,-0.0039559174329042435
-0.19033372402191162,-0.18580244481563568,0.2105187475681305,-0.0040548150427639484
-0.22304661571979523,-0.22304661571979523,0.2058771252632141,-0.004867716692388058
-0.2387094646692276,-0.2387094646692276,0.19364625215530396,-0.005209596827626228
-0.25288015604019165,-0.25288015604019165,0.1783563792705536,-0.00551891652867198
-0.2465582638978958,-0.2465582638978958,0.16085875034332275,-0.005380920134484768
-0.25829681754112244,-0.25208231806755066,0.1510758399963379,-0.0055015007965266705
-0.26451119780540466,-0.25829681754112244,0.129776731133461,-0.005637154448777437
-0.26796358823776245,-0.26796358823776245,0.1187320202589035,-0.0058481707237660885
-0.29811280965805054,-0.29811280965805054,0.09421476721763611,-0.006506331264972687
-0.30974313616752625,-0.30392804741859436,0.08133269846439362,-0.006633284501731396
-0.31483128666877747,-0.30974313616752625,0.029187172651290894,-0.00676023680716753
-0.31281596422195435,-0.31212255358695984,0.002011477015912533,-0.006812183186411858
-0.3148961365222931,-0.3148961365222931,-0.0111704645678401,-0.006872736383229494
-0.3249899446964264,-0.3249899446964264,-0.037187520414590836,-0.0070931073278188705
-0.3278150260448456,-0.3256962299346924,-0.06187456101179123,-0.007108527235686779
-0.3292275369167328,-0.3292275369167328,-0.07388139516115189,-0.007185626309365034
-0.3755992650985718,-0.3292275369167328,-0.0854264348745346,-0.007185626309365034
-0.3755992650985718,-0.3755992650985718,-0.10793288797140121,-0.008198129944503307
-0.3747987449169159,-0.3747987449169159,-0.11838192492723465,-0.00818064995110035
-0.2512248754501343,-0.2512248754501343,0.17021456360816956,-0.00736602395772934
-0.2501375377178192,-0.2512248754501343,0.16208142042160034,-0.00736602395772934
-0.2479628175497055,-0.2479628175497055,0.15447476506233215,-0.007270361762493849
-0.2457880973815918,-0.24687547981739044,0.14758802950382233,-0.007238474208861589
-0.22436940670013428,-0.2457880973815918,0.13533863425254822,-0.007206586189568043
-0.2213716059923172,-0.2213716059923172,0.1252707839012146,-0.0064905742183327675
-0.21837379038333893,-0.21837379038333893,0.11721987277269363,-0.006402665749192238
-0.24313294887542725,-0.24313294887542725,0.11061051487922668,-0.007128722034394741
-0.24089248478412628,-0.24201272428035736,0.10776129364967346,-0.007095871027559042
-0.2397722601890564,-0.24089248478412628,0.10523533076047897,-0.007063019555062056
-0.2217925488948822,-0.2217925488948822,0.10110393166542053,-0.006502917502075434
-0.2197103053331375,-0.2197103053331375,0.0981224849820137,-0.006441858131438494
-0.21918973326683044,-0.21918973326683044,0.09692878276109695,-0.006426592823117971
-0.19730335474014282,-0.21918973326683044,0.0947841927409172,-0.006426592823117971
-0.19730335474014282,-0.19730335474014282,0.09382572025060654,-0.005784808658063412
-0.1963639259338379,-0.19730335474014282,0.09290412068367004,-0.005784808658063412
-0.19589421153068542,-0.1963639259338379,0.09158502519130707,-0.005757261998951435
-0.1949547827243805,-0.1949547827243805,0.09128378331661224,-0.00571594201028347
-0.22372683882713318,-0.22372683882713318,0.09029238671064377,-0.006559639237821102
-0.22640256583690643,-0.22533227503299713,0.08939984440803528,-0.006606718059629202
-0.22693772614002228,-0.22640256583690643,0.08719045668840408,-0.0066381036303937435
-0.2030028998851776,-0.2030028998851776,0.08462589234113693,-0.0059519363567233086
-0.20395585894584656,-0.20347937941551208,0.08462589234113693,-0.00596590805798769
-0.20490878820419312,-0.20490878820419312,0.0805044025182724,-0.006007823161780834
-0.21511192619800568,-0.21511192619800568,0.07728958874940872,-0.00630701519548893
-0.216605544090271,-0.21560978889465332,0.07561510056257248,-0.006321614608168602
-0.21710340678691864,-0.216605544090271,0.0720377266407013,-0.006350813899189234
-0.21809916198253632,-0.21710340678691864,0.07024472206830978,-0.006365413311868906
-0.1600855439901352,-0.1600855439901352,0.4031367003917694,-0.005972700659185648
-0.16081315279006958,-0.16081315279006958,0.39891088008880615,-0.0059998491778969765
-0.17954115569591522,-0.16117694973945618,0.3927028477191925,-0.006013423670083284
-0.18035165965557098,-0.18035165965557098,0.39057692885398865,-0.006728888489305973
-0.18116213381290436,-0.18075689673423767,0.3862508237361908,-0.006744008976966143
-0.14241351187229156,-0.14241351187229156,0.3840525448322296,-0.005313323810696602
-0.14336711168289185,-0.14273136854171753,0.38183197379112244,-0.005325183738023043
-0.14432071149349213,-0.14336711168289185,0.3794831335544586,-0.005348904058337212
-0.1452743113040924,-0.14432071149349213,0.3717193603515625,-0.005384484305977821
-0.15014398097991943,-0.1452743113040924,0.3717193603515625,-0.005420064553618431
-0.1527549922466278,-0.15144950151443481,0.36472323536872864,-0.005650471430271864
-0.15536600351333618,-0.15536600351333618,0.35657840967178345,-0.005796604324132204
-0.14560621976852417,-0.14560621976852417,0.3470551371574402,-0.005432448349893093
-0.14890159666538239,-0.14890159666538239,0.33594509959220886,-0.00555540481582284
-0.15309572219848633,-0.15099866688251495,0.3236638903617859,-0.005633649881929159
-0.1586131751537323,-0.1586131751537323,0.30844661593437195,-0.0059177628718316555
-0.16343751549720764,-0.16343751549720764,0.2911270558834076,-0.006097770761698484
-0.21907706558704376,-0.21907706558704376,0.271444708108902,-0.008173919282853603
-0.2249443084001541,-0.2249443084001541,0.24989831447601318,-0.008392862975597382
-0.2319849133491516,-0.2319849133491516,0.22641073167324066,-0.008655596524477005
-0.28113776445388794,-0.28113776445388794,0.20145303010940552,-0.01048994343727827
-0.2871573567390442,-0.2871573567390442,0.17575658857822418,-0.010714604519307613
-0.3055165112018585,-0.3055165112018585,0.14906486868858337,-0.011399822309613228
-0.3112974762916565,-0.3112974762916565,0.12166662514209747,-0.011615591123700142
-0.3165965974330902,-0.3165965974330902,0.09403017908334732,-0.011813380755484104
-0.24125847220420837,-0.24125847220420837,0.40596356987953186,-0.010945480316877365
-0.2419806867837906,-0.2419806867837906,0.37927570939064026,-0.010978251695632935
-0.2427028864622116,-0.2427028864622116,0.3542849123477936,-0.01101102214306593
-0.2467184215784073,-0.2467184215784073,0.3309699296951294,-0.011193234473466873
-0.2478179931640625,-0.2478179931640625,0.30878522992134094,-0.011243130080401897
-0.2950763702392578,-0.2950763702392578,0.2879619300365448,-0.013387694023549557
-0.29376915097236633,-0.29376915097236633,0.2691328823566437,-0.01332836877554655
-0.29333341121673584,-0.29333341121673584,0.260469526052475,-0.01330859400331974
-0.33092692494392395,-0.29333341121673584,0.2521393597126007,-0.01330859400331974
-0.33092692494392395,-0.33092692494392395,0.2363210767507553,-0.01501475553959608
-0.3314177393913269,-0.3314177393913269,0.22148661315441132,-0.015037032775580883
-0.33190858364105225,-0.3314177393913269,0.20756174623966217,-0.015037032775580883
-0.3720311224460602,-0.3720311224460602,0.18116335570812225,-0.016880471259355545
-0.373124897480011,-0.3720311224460602,0.18116335570812225,-0.016880471259355545
-0.38925623893737793,-0.38925623893737793,0.16860410571098328,-0.01766239106655121
-0.39210036396980286,-0.39210036396980286,0.1561499983072281,-0.01779150404036045
-0.34304556250572205,-0.34304556250572205,0.43011346459388733,-0.017894791439175606
-0.37187525629997253,-0.37187525629997253,0.4128674268722534,-0.019399285316467285
-0.3729480504989624,-0.3724116384983063,0.4022376835346222,-0.019427279010415077
-0.3729480504989624,-0.3729480504989624,0.3971205949783325,-0.01945527270436287
-0.3579636216163635,-0.3579636216163635,0.38240233063697815,-0.018673280254006386
-0.3600171208381653,-0.3589903712272644,0.3728094696998596,-0.018726862967014313
-0.3705211281776428,-0.3705211281776428,0.3678627014160156,-0.019328616559505463
-0.3726254999637604,-0.3715732991695404,0.3628925085067749,-0.01938352733850479
-0.37420374155044556,-0.3726254999637604,0.3527786433696747,-0.01943843811750412
-0.37578198313713074,-0.37578198313713074,0.3475339114665985,-0.019603170454502106
-0.4363417327404022,-0.4363417327404022,0.33658578991889954,-0.0227640550583601
-0.44118040800094604,-0.43876105546951294,0.33078867197036743,-0.022890346124768257
-0.4429948329925537,-0.4429948329925537,0.31869593262672424,-0.023111356422305107
-0.4715675711631775,-0.4715675711631775,0.31251847743988037,-0.024602994322776794
-0.42240166664123535,-0.47349098324775696,0.30625811219215393,-0.024703413248062134
-0.4246774911880493,-0.42240166664123535,0.5727814435958862,-0.0248373094946146
-0.4263843595981598,-0.42240166664123535,0.5727814435958862,-0.0248373094946146
-0.4705367386341095,-0.4263843595981598,0.5596548914909363,-0.02507162094116211
-0.473034530878067,-0.4705367386341095,0.5526130795478821,-0.027669470757246017
-0.4786545932292938,-0.4761567711830139,0.5453079342842102,-0.028000179678201675
-0.48115232586860657,-0.48115232586860657,0.5302640795707703,-0.028294146060943604
-0.5393638610839844,-0.4836500585079193,0.5225364565849304,-0.028441131114959717
-0.5435143709182739,-0.5435143709182739,0.506272554397583,-0.03196445479989052
-0.5497400164604187,-0.5497400164604187,0.48924684524536133,-0.03233092650771141
-0.5538904070854187,-0.5497400164604187,0.48096004128456116,-0.03233092650771141
-0.5996295809745789,-0.5959321856498718,0.471816748380661,-0.035050369799137115
-0.6025874018669128,-0.6025874018669128,0.44406330585479736,-0.03544223681092262
-0.6092424988746643,-0.6062847375869751,0.4344160556793213,-0.03565994277596474
-0.6583497524261475,-0.6583497524261475,0.42471247911453247,-0.038726143538951874
-0.6655048131942749,-0.6615298390388489,0.4050382077693939,-0.03891345486044884
-0.6726595163345337,-0.6726595163345337,0.3848593831062317,-0.03956903517246246
-0.7712302803993225,-0.7731040120124817,0.3647441864013672,-0.045487720519304276
-0.7748317718505859,-0.7748317718505859,0.3749558925628662,-0.04596935212612152
-0.7829349040985107,-0.7829349040985107,0.35378482937812805,-0.046450987458229065
-0.8636736869812012,-0.8636736869812012,0.33242762088775635,-0.051251549273729324
-0.8705514073371887,-0.8705514073371887,0.3007567822933197,-0.05166061967611313
-0.8784113526344299,-0.8744814991950989,0.29047125577926636,-0.051894381642341614
-0.9974545240402222,-0.9974545240402222,0.2689679265022278,-0.05921275168657303
-1.002979040145874,-1.002979040145874,0.24793632328510284,-0.05954170972108841
-1.0633149147033691,-1.0633149147033691,0.2276572585105896,-0.0631355494260788
-1.0644819736480713,-1.0644819736480713,0.2086985558271408,-0.06320508569478989
-1.0714837312698364,-1.0714837312698364,0.190015509724617,-0.06362228095531464
-1.3470228910446167,-1.3470228910446167,0.1730625033378601,-0.08006457984447479
-1.3528982400894165,-1.3528982400894165,0.1568584144115448,-0.080415740609169
-1.5573174953460693,-1.5573174953460693,0.14104266464710236,-0.09265056997537613
-1.562363624572754,-1.562363624572754,0.12599687278270721,-0.09295301884412766
-1.562363624572754,-1.562363624572754,0.11188072711229324,-0.09295301884412766
-1.7891957759857178,-1.7891957759857178,0.0985131710767746,-0.10657239705324173
-1.7930307388305664,-1.7930307388305664,0.08573497086763382,-0.10680307447910309
-1.8006999492645264,-1.8006999492645264,0.07308255881071091,-0.10726442188024521
-2.0213654041290283,-2.0213654041290283,0.061068277806043625,-0.12056493014097214
-2.0235073566436768,-2.0235073566436768,0.05519385263323784,-0.12069428712129593
-2.0235073566436768,-2.0235073566436768,0.044114138931035995,-0.12069428712129593
-2.4711484909057617,-2.4711484909057617,0.03878495842218399,-0.14785128831863403
-2.473745346069336,-2.473745346069336,0.02852405421435833,-0.14800958335399628
-2.473745346069336,-2.476341962814331,0.023580824956297874,-0.14816787838935852
-2.473745346069336,-2.473745346069336,0.018934549763798714,-0.14800958335399628
-2.884892463684082,-2.884892463684082,0.010064405389130116,-0.1731981784105301
-2.890901565551758,-2.884892463684082,0.005831162445247173,-0.1731981784105301
-2.8939056396484375,-2.890901565551758,0.0015470589278265834,-0.1735682636499405
-2.8999130725860596,-2.8999130725860596,-0.006956413388252258,-0.1741233915090561
-3.110826253890991,-3.110826253890991,-0.015549769625067711,-0.1871553212404251
-3.1076269149780273,-3.114025354385376,-0.019759394228458405,-0.18735358119010925
-3.1076269149780273,-3.1076269149780273,-0.027280006557703018,-0.18695706129074097
-3.464747428894043,-3.1076269149780273,-0.03082478977739811,-0.18695706129074097
-3.461209535598755,-3.461209535598755,-0.03751058503985405,-0.20898352563381195
-3.4576711654663086,-3.4576711654663086,-0.04358514025807381,-0.20876190066337585
-3.6824653148651123,-3.6824653148651123,-0.04920551925897598,-0.22289308905601501
-3.6824653148651123,-3.6824653148651123,-0.0519070141017437,-0.22289308905601501
-3.6824653148651123,-3.6824653148651123,-0.054504603147506714,-0.22289308905601501
-3.880425453186035,-3.880425453186035,-0.05961758270859718,-0.23542781174182892
-3.8647384643554688,-3.8647384643554688,-0.06391747295856476,-0.23443129658699036
-3.8686609268188477,-3.8686609268188477,-0.06594628840684891,-0.2346804141998291
-3.8686609268188477,-3.8686609268188477,-0.06977281719446182,-0.2346804141998291
-4.008702278137207,-4.008702278137207,-0.07157642394304276,-0.2435981184244156
-4.000600337982178,-4.00465202331543,-0.07320382446050644,-0.24333953857421875
-3.996548652648926,-4.000600337982178,-0.07606370002031326,-0.24308094382286072
-3.996548652648926,-3.996548652648926,-0.07730484008789062,-0.2428223341703415
-4.058136940002441,-4.058136940002441,-0.07943618297576904,-0.24675717949867249
-4.054023742675781,-4.058136940002441,-0.08044076710939407,-0.24675717949867249
-4.049910068511963,-4.049910068511963,-0.08191638439893723,-0.24623103439807892
-4.1931915283203125,-4.1889519691467285,-0.08261190354824066,-0.2551456689834595
-4.1931915283203125,-4.1931915283203125,-0.08413328975439072,-0.25541824102401733
-4.1889519691467285,-4.1931915283203125,-0.08599331974983215,-0.25541824102401733
-4.37698221206665,-4.37698221206665,-0.08663887530565262,-0.2672792375087738
-4.37698221206665,-4.37698221206665,-0.08785644918680191,-0.2672792375087738
-4.37698221206665,-4.37698221206665,-0.08898216485977173,-0.2672792375087738
-4.463987827301025,-4.463987827301025,-0.08940592408180237,-0.27292531728744507
-4.459506988525391,-4.459506988525391,-0.09058189392089844,-0.2726340591907501
-4.455025672912598,-4.459506988525391,-0.09083729982376099,-0.2726340591907501
-4.815515041351318,-4.455025672912598,-0.09118970483541489,-0.2723428010940552
-4.815515041351318,-4.820308685302734,-0.09142173081636429,-0.2962695062160492
-4.810719966888428,-4.815515041351318,-0.09154294431209564,-0.29595300555229187
-4.805923938751221,-4.805923938751221,-0.09113314002752304,-0.29531994462013245
-5.20997428894043,-5.2202839851379395,-0.09061947464942932,-0.32293155789375305
-5.204817771911621,-5.204817771911621,-0.08954381942749023,-0.3218909800052643
-5.19965934753418,-5.19965934753418,-0.08844657987356186,-0.3215441107749939
-5.441202640533447,-5.441202640533447,-0.0856875479221344,-0.33788400888442993
-5.441202640533447,-5.451932907104492,-0.08506280928850174,-0.3386145830154419
-5.690828323364258,-5.690828323364258,-0.08435526490211487,-0.3549880385398865
-5.690828323364258,-5.690828323364258,-0.08280709385871887,-0.3549880385398865
-5.679686069488525,-5.679686069488525,-0.08117027580738068,-0.3542197048664093
-5.9930572509765625,-5.9930572509765625,-0.08029193431138992,-0.3760124742984772
-5.981428623199463,-5.981428623199463,-0.07853256911039352,-0.37519681453704834
-5.987244129180908,-5.987244129180908,-0.07700866460800171,-0.37560462951660156
-6.301506042480469,-6.31361722946167,-0.07518059760332108,-0.3987184762954712
-6.28938627243042,-6.28938627243042,-0.07307130098342896,-0.39698678255081177
-6.283323287963867,-6.283323287963867,-0.07186343520879745,-0.3965539038181305
-6.604323387145996,-6.604323387145996,-0.06937571614980698,-0.41969937086105347
-6.604323387145996,-6.604323387145996,-0.06707567721605301,-0.41969937086105347
-6.591710090637207,-6.591710090637207,-0.06333015114068985,-0.41878095269203186
-6.81581974029541,-6.81581974029541,-0.06206958740949631,-0.435212105512619
-6.796403884887695,-6.796403884887695,-0.05906335264444351,-0.43377894163131714
-7.195815563201904,-7.195815563201904,-0.05670304223895073,-0.46364808082580566
-7.195815563201904,-7.195815563201904,-0.053492221981287,-0.46364808082580566
-7.195815563201904,-7.195815563201904,-0.052503202110528946,-0.46364808082580566
-7.376453876495361,-7.376453876495361,-0.050847381353378296,-0.4774356782436371
-7.369630813598633,-7.369630813598633,-0.049106914550065994,-0.47691160440444946
-7.464915752410889,-7.464915752410889,-0.04643097147345543,-0.48425453901290894
-7.437332630157471,-7.437332630157471,-0.045179352164268494,-0.48212358355522156
-7.4442338943481445,-7.437332630157471,-0.04408270865678787,-0.48212358355522156
-7.451131343841553,-7.4442338943481445,-0.04222390428185463,-0.482656329870224
-7.60559606552124,-7.60559606552124,-0.041347771883010864,-0.49519190192222595
-7.626534461975098,-7.626534461975098,-0.04032399505376816,-0.4968297779560089
-7.619559288024902,-7.619559288024902,-0.03916789963841438,-0.4962838590145111
-7.762994289398193,-7.762994289398193,-0.03788945823907852,-0.5075690746307373
-7.755927085876465,-7.755927085876465,-0.037180036306381226,-0.5070100426673889
-7.762994289398193,-7.755927085876465,-0.036051567643880844,-0.5070100426673889
-7.708244800567627,-7.708244800567627,-0.0350923165678978,-0.5032466650009155
-7.665777206420898,-7.665777206420898,-0.03202567994594574,-0.4999065399169922
-7.644491195678711,-7.644491195678711,-0.02866855449974537,-0.4982364773750305
-7.730384826660156,-7.730384826660156,-0.026086552068591118,-0.5049923658370972
-7.70898962020874,-7.730384826660156,-0.024549037218093872,-0.5049923658370972
-7.694705486297607,-7.70898962020874,-0.021230001002550125,-0.5033053159713745
-7.687557697296143,-7.687557697296143,-0.019558759406208992,-0.5016182661056519
-7.706593990325928,-7.706593990325928,-0.016197070479393005,-0.5031166076660156
-7.692249298095703,-7.699423789978027,-0.01439889520406723,-0.5025519728660583
-7.706593990325928,-7.692249298095703,-0.011426486074924469,-0.5019873380661011
-7.77522087097168,-7.77522087097168,-0.00867832638323307,-0.5085368156433105
-7.782426357269287,-7.77522087097168,-0.00634706811979413,-0.5085368156433105
-7.782426357269287,-7.782426357269287,-0.005248246714472771,-0.5091075897216797
-7.8851752281188965,-7.8851752281188965,-0.003594903973862529,-0.5172821879386902
-7.914114475250244,-7.899653911590576,-0.0032429604325443506,-0.5184394717216492
-7.92133903503418,-7.92133903503418,-0.0025746324099600315,-0.5201752781867981
-7.933145523071289,-7.933145523071289,-0.003218649886548519,-0.5211215615272522
-7.954692840576172,-7.954692840576172,-0.004442786797881126,-0.5228509902954102
-8.069795608520508,-7.976202487945557,-0.007649739272892475,-0.5245803594589233
-8.084179878234863,-8.0,-0.008851246908307076,-0.5333073735237122
-8.098546981811523,-8.0,-0.011536541394889355,-0.5338909029960632
-8.157495498657227,-8.0,-0.01301590260118246,-0.539277195930481
-8.200573921203613,-8.0,-0.01706351526081562,-0.5410395860671997
-8.243497848510742,-8.0,-0.022063154727220535,-0.5445642471313477
-8.281332969665527,-8.0,-0.024526536464691162,-0.5494439601898193
-8.302766799926758,-8.0,-0.027215689420700073,-0.5500341057777405
-8.302766799926758,-8.0,-0.03228768706321716,-0.5512144565582275
-8.317034721374512,-8.0,-0.0348920039832592,-0.5523947477340698
-8.549919128417969,-8.0,-0.04043269529938698,-0.5718666315078735
-8.57872486114502,-8.0,-0.046393636614084244,-0.5743026733398438
-8.585914611816406,-8.0,-0.05211442708969116,-0.5749117136001587
-8.678116798400879,-8.0,-0.05761319398880005,-0.5827562808990479
-8.670896530151367,-8.0,-0.062487538903951645,-0.5821396112442017
-8.670896530151367,-8.0,-0.06467818468809128,-0.5821396112442017
-8.615765571594238,-8.0,-0.0667845755815506,-0.5774443745613098
-8.615765571594238,-8.0,-0.0707574337720871,-0.5774443745613098
-8.622970581054688,-8.0,-0.07464012503623962,-0.5774443745613098
-8.562996864318848,-8.0,-0.07647020369768143,-0.5729718208312988
-8.570172309875488,-8.0,-0.08185718953609467,-0.5735787749290466
-8.570172309875488,-8.0,-0.08351653069257736,-0.5735787749290466
-8.634302139282227,-8.0,-0.08685576915740967,-0.5790205001831055
-8.64867877960205,-8.0,-0.08864337205886841,-0.5802446603775024
-8.655858993530273,-8.0,-0.09046904742717743,-0.5802446603775024
-8.655858993530273,-8.0,-0.09222450852394104,-0.5808566808700562
-8.782989501953125,-8.0,-0.09380562603473663,-0.5808566808700562
-8.775749206542969,-8.0,-0.09657818078994751,-0.5911338925361633
-8.775749206542969,-8.0,-0.09788500517606735,-0.5905096530914307
-8.775749206542969,-8.0,-0.1003498062491417,-0.5911338925361633
-8.722200393676758,-8.0,-0.10151156783103943,-0.5865298509597778
-8.743842124938965,-8.0,-0.10294914990663528,-0.5877684950828552
-8.729418754577637,-8.0,-0.10524146258831024,-0.5883878469467163
-8.714977264404297,-8.0,-0.10610824078321457,-0.5859104990959167
-8.79126262664795,-8.0,-0.10694168508052826,-0.5859104990959167
-8.784004211425781,-8.0,-0.1076362356543541,-0.5918456315994263
-8.769472122192383,-8.0,-0.10809039324522018,-0.5912193655967712
-8.776740074157715,-8.0,-0.1091565489768982,-0.5912193655967712
-8.795136451721191,-8.0,-0.10965907573699951,-0.5912193655967712
-8.773295402526855,-8.0,-0.11018364876508713,-0.590922474861145
-8.766005516052246,-8.0,-0.11025362461805344,-0.590922474861145
-8.751410484313965,-8.0,-0.11007292568683624,-0.5890385508537292
-8.778533935546875,-8.0,-0.10780374705791473,-0.5913739204406738
-8.749115943908691,-8.0,-0.10686257481575012,-0.5894744396209717
-8.79182243347168,-8.0,-0.10606443881988525,-0.5925202369689941
-8.784445762634277,-8.0,-0.1043495163321495,-0.5918837785720825
-8.77706527709961,-8.0,-0.10170828551054001,-0.5912473797798157
-8.776637077331543,-8.0,-0.1010015532374382,-0.5912104249000549
-8.754488945007324,-8.0,-0.09903989732265472,-0.5893033146858215
-8.732295989990234,-8.0,-0.09779477119445801,-0.5873962044715881
-8.698003768920898,-8.0,-0.09460809081792831,-0.584456741809845
-8.64592170715332,-8.0,-0.08811470866203308,-0.5819156765937805
-8.617321968078613,-8.0,-0.08536671102046967,-0.5774686932563782
-8.594791412353516,-8.0,-0.08240389078855515,-0.5756641626358032
-8.549592971801758,-8.0,-0.07891399413347244,-0.5731140971183777
-8.542043685913086,-8.0,-0.07212216407060623,-0.5718390941619873
-8.51936149597168,-8.0,-0.0686003714799881,-0.5712016224861145
-8.500802040100098,-8.0,-0.060700539499521255,-0.569007158279419
-8.470318794250488,-8.0,-0.05255844444036484,-0.5651668310165405
-8.462685585021973,-8.0,-0.04861389100551605,-0.5645267367362976
-8.432341575622559,-8.0,-0.04033581539988518,-0.5619866847991943
-8.432341575622559,-8.0,-0.03268226608633995,-0.5619866847991943
-8.424683570861816,-8.0,-0.028967995196580887,-0.561346709728241
-8.350308418273926,-8.0,-0.021543391048908234,-0.5551528930664062
-8.365584373474121,-8.0,-0.018150698393583298,-0.5557873845100403
-8.373214721679688,-8.0,-0.012068158015608788,-0.5570562481880188
-8.235908508300781,-8.0,-0.00946724507957697,-0.5576907396316528
-8.250985145568848,-8.0,-0.004980814643204212,-0.5469427108764648
-8.296099662780762,-8.0,-0.0020902527030557394,-0.550663411617279
-8.356457710266113,-8.0,-0.0004655919910874218,-0.5519036054611206
-8.401322364807129,-8.0,0.00019076556782238185,-0.5593969821929932
-8.431137084960938,-8.0,-0.0001370886602671817,-0.5612637400627136
-8.393301010131836,-8.0,-0.0007728410419076681,-0.5587283968925476
-8.452363967895508,-8.0,-0.0036484631709754467,-0.5605785250663757
-8.525768280029297,-8.0,-0.008402789942920208,-0.569828987121582
-8.464110374450684,-8.0,-0.011177891865372658,-0.569828987121582
-8.521966934204102,-8.0,-0.01767762005329132,-0.5695086121559143
-8.557978630065918,-8.0,-0.02494026906788349,-0.5725476145744324
-8.572351455688477,-8.0,-0.028681881725788116,-0.5737631916999817
-8.545330047607422,-8.0,-0.036577191203832626,-0.5702733993530273
-8.545330047607422,-8.0,-0.04387684911489487,-0.571479082107544
-8.545330047607422,-8.0,-0.04731748625636101,-0.571479082107544
-8.492142677307129,-8.0,-0.053178150206804276,-0.566999077796936
-8.477853775024414,-8.0,-0.058280255645513535,-0.5657990574836731
-8.470703125,-8.0,-0.06052588298916817,-0.5651990175247192
-8.398649215698242,-8.0,-0.06433811783790588,-0.5603651404380798
-8.39150333404541,-8.0,-0.0674477145075798,-0.558578610420227
-8.398649215698242,-8.0,-0.06902024149894714,-0.559174120426178
-8.294936180114746,-8.0,-0.07114791125059128,-0.5505672097206116
-8.31629753112793,-8.0,-0.07476972788572311,-0.5523337125778198
-8.31629753112793,-8.0,-0.07595379650592804,-0.5523337125778198
-8.208011627197266,-8.0,-0.07687864452600479,-0.5434117317199707
-8.215087890625,-8.0,-0.07776792347431183,-0.5434117317199707
-8.222160339355469,-8.0,-0.07986433058977127,-0.543992280960083
-8.229228973388672,-8.0,-0.08095929026603699,-0.5445728898048401
-8.25341510772705,-8.0,-0.08344363421201706,-0.5471426844596863
-8.25341510772705,-8.0,-0.08461460471153259,-0.5471426844596863
-8.26047420501709,-8.0,-0.08693000674247742,-0.5477241277694702
-8.22994327545166,-8.0,-0.08928028494119644,-0.5452121496200562
-8.215862274169922,-8.0,-0.0912395790219307,-0.5440558195114136
-8.215862274169922,-8.0,-0.09211070835590363,-0.5440558195114136
-8.208462715148926,-8.0,-0.09375374019145966,-0.5434487462043762
-8.180264472961426,-8.0,-0.09431449323892593,-0.5422936677932739
-8.166141510009766,-8.0,-0.09473932534456253,-0.5399836301803589
-8.026017189025879,-8.0,-0.0948348268866539,-0.5399836301803589
-8.005006790161133,-8.0,-0.09438624233007431,-0.5269008874893188
-7.976938247680664,-7.99098014831543,-0.09333869069814682,-0.5257701873779297
-7.976938247680664,-7.976938247680664,-0.09274020045995712,-0.5246395468711853
-7.849761962890625,-7.849761962890625,-0.09205788373947144,-0.5144572257995605
-7.856727123260498,-7.856727123260498,-0.0915086567401886,-0.5150122046470642
-7.842792987823486,-7.842792987823486,-0.08956535160541534,-0.5139023065567017
-7.842792987823486,-7.842792987823486,-0.08889830857515335,-0.5139023065567017
-7.726785182952881,-7.726785182952881,-0.08825691789388657,-0.5047082901000977
-7.699121475219727,-7.726785182952881,-0.08661985397338867,-0.5047082901000977
-7.685266971588135,-7.699121475219727,-0.08542507141828537,-0.502528190612793
-7.526437282562256,-7.526437282562256,-0.08384890109300613,-0.4890233278274536
-7.478249549865723,-7.498922348022461,-0.07971730828285217,-0.4868878424167633
-7.457544326782227,-7.457544326782227,-0.07729227840900421,-0.48368462920188904
-7.436807155609131,-7.436807155609131,-0.07464001327753067,-0.4820830523967743
-7.231594562530518,-7.231594562530518,-0.06868837773799896,-0.46636468172073364
-7.211063861846924,-7.2179107666015625,-0.06235159933567047,-0.46532490849494934
-6.997929573059082,-7.1836419105529785,-0.05234691873192787,-0.46272531151771545
-6.970844745635986,-6.970844745635986,-0.048517342656850815,-0.46272531151771545
-6.943708419799805,-6.9640655517578125,-0.04472821578383446,-0.44621697068214417
-6.936916351318359,-6.943708419799805,-0.036846015602350235,-0.4446991980075836
-6.719359397888184,-6.719359397888184,-0.025244949385523796,-0.42811015248298645
-6.69266939163208,-6.69266939163208,-0.021175703033804893,-0.4261530935764313
-6.6859893798828125,-6.6859893798828125,-0.017156127840280533,-0.4256638288497925
-6.568248271942139,-6.561649799346924,-0.009472099132835865,-0.4165952503681183
-6.568248271942139,-6.568248271942139,-0.0024705117102712393,-0.41707468032836914
-6.561649799346924,-6.561649799346924,0.0009364721481688321,-0.4165952503681183
-6.493385314941406,-6.493385314941406,0.006622720509767532,-0.4116472601890564
-6.525912284851074,-6.512909889221191,0.008825262077152729,-0.4130602478981018
-6.545396327972412,-6.545396327972412,0.012239825911819935,-0.4154151976108551
-6.564855575561523,-6.545396327972412,0.013692138716578484,-0.4154151976108551
-6.521972179412842,-6.521972179412842,0.014117897488176823,-0.4137166738510132
-6.566566467285156,-6.566566467285156,0.013352751731872559,-0.4169524610042572
-6.579283714294434,-6.579283714294434,0.012411837466061115,-0.4178769290447235
-6.476119518280029,-6.451158046722412,0.009581130929291248,-0.4085972011089325
-6.507266521453857,-6.507266521453857,0.00571068748831749,-0.4126516580581665
-6.532139778137207,-6.507266521453857,0.0010885280789807439,-0.4126516580581665
-6.381467342376709,-6.363232135772705,-0.0013037696480751038,-0.4022722840309143
-6.411813735961914,-6.411813735961914,-0.007286933716386557,-0.4057626724243164
-6.429994106292725,-6.429994106292725,-0.010532309301197529,-0.40707162022590637
-6.442340850830078,-6.442340850830078,-0.01397337019443512,-0.4079613983631134
-6.460468292236328,-6.454428195953369,-0.017495760694146156,-0.4088331162929535
-6.466506004333496,-6.460468292236328,-0.027788633480668068,-0.40926897525787354
-6.478574275970459,-6.466506004333496,-0.027788633480668068,-0.4097048342227936
-6.433621883392334,-6.433621883392334,-0.0350198969244957,-0.4073329567909241
-6.439602851867676,-6.439602851867676,-0.0419151745736599,-0.4077640175819397
-6.439602851867676,-6.445581912994385,-0.048495709896087646,-0.40819504857063293
-6.338240146636963,-6.338240146636963,-0.05458388850092888,-0.40048080682754517
-6.338240146636963,-6.338240146636963,-0.06041821464896202,-0.40048080682754517
-6.332334995269775,-6.332334995269775,-0.06300897151231766,-0.40005791187286377
-6.257165908813477,-6.257165908813477,-0.06800221651792526,-0.39468812942504883
-6.257165908813477,-6.251317024230957,-0.07030127942562103,-0.3942713439464569
-6.245466232299805,-6.257165908813477,-0.0746334120631218,-0.39468812942504883
-6.154409408569336,-6.245466232299805,-0.0746334120631218,-0.393854558467865
-6.154409408569336,-6.154409408569336,-0.08043386042118073,-0.38738709688186646
-6.154409408569336,-6.154409408569336,-0.08390293270349503,-0.38738709688186646
-6.062010288238525,-6.062010288238525,-0.0854835957288742,-0.38086017966270447
-6.062010288238525,-6.062010288238525,-0.0885675922036171,-0.38086017966270447
-6.050564289093018,-6.050564289093018,-0.09089705348014832,-0.3800541162490845
-6.033381462097168,-6.033381462097168,-0.09167451411485672,-0.37884506583213806
-5.926339149475098,-5.926339149475098,-0.09282448142766953,-0.37134024500846863
-5.926339149475098,-5.9150071144104,-0.09310045838356018,-0.37054845690727234
-5.920673847198486,-5.926339149475098,-0.09393327683210373,-0.37134024500846863
-5.919516086578369,-5.919516086578369,-0.09427344799041748,-0.3708634674549103
-5.9138503074646,-5.902513027191162,-0.09428002685308456,-0.3696760833263397
-5.919516086578369,-5.9138503074646,-0.09481839835643768,-0.3704676628112793
-5.908182621002197,-5.908182621002197,-0.09491086006164551,-0.3700718879699707
-5.82130765914917,-5.82130765914917,-0.09485909342765808,-0.364020973443985
-5.815697193145752,-5.815697193145752,-0.09461824595928192,-0.3636312186717987
-5.810084819793701,-5.815697193145752,-0.09450472146272659,-0.3636312186717987
-5.717926025390625,-5.717926025390625,-0.09376463294029236,-0.35685864090919495
-5.7123703956604,-5.717926025390625,-0.09249987453222275,-0.35685864090919495
-5.706813812255859,-5.706813812255859,-0.09193364530801773,-0.3560912311077118
-5.5448994636535645,-5.5448994636535645,-0.09106867015361786,-0.34496158361434937
-5.5448994636535645,-5.539449691772461,-0.09013013541698456,-0.34458863735198975
-5.539449691772461,-5.5448994636535645,-0.0885695219039917,-0.34496158361434937
-5.450235843658447,-5.450235843658447,-0.08613821864128113,-0.3384990096092224
-5.450235843658447,-5.450235843658447,-0.08613821864128113,-0.3384990096092224
-5.444855690002441,-5.444855690002441,-0.08528247475624084,-0.33813267946243286
-5.434090614318848,-5.434090614318848,-0.08424597233533859,-0.33740001916885376
-5.390028953552246,-5.390028953552246,-0.08123908191919327,-0.33440539240837097
-5.37925910949707,-5.390028953552246,-0.07971706986427307,-0.33440539240837097
-5.363092422485352,-5.37925910949707,-0.07487665116786957,-0.33367443084716797
-5.299263000488281,-5.299263000488281,-0.07274464517831802,-0.32825785875320435
-5.267101764678955,-5.267101764678955,-0.07005361467599869,-0.3260863423347473
-5.240260601043701,-5.256369113922119,-0.06725240498781204,-0.32536250352859497
-5.229514122009277,-5.240260601043701,-0.061340369284152985,-0.32427677512168884
-5.02830171585083,-5.02830171585083,-0.05503608658909798,-0.310070663690567
-5.007438659667969,-5.02830171585083,-0.05185094103217125,-0.310070663690567
-4.991777420043945,-5.007438659667969,-0.048574626445770264,-0.3086802363395691
-4.9708781242370605,-4.9708781242370605,-0.04467645660042763,-0.30624693632125854
-4.79121208190918,-4.79121208190918,-0.0366913340985775,-0.29434940218925476
-4.786121845245361,-4.786121845245361,-0.03271602839231491,-0.29401376843452454
-4.786121845245361,-4.786121845245361,-0.02168419398367405,-0.29401376843452454
-4.539906024932861,-4.539906024932861,-0.01817924715578556,-0.27786877751350403
-4.544774532318115,-4.544774532318115,-0.011778155341744423,-0.2781863510608673
-4.544774532318115,-4.544774532318115,-0.008761049248278141,-0.2781863510608673
-4.354715824127197,-4.354715824127197,-0.0029677716083824635,-0.26583757996559143
-4.3640923500061035,-4.359404563903809,-0.0003963655617553741,-0.26614105701446533
-4.368779182434082,-4.368779182434082,0.004137159790843725,-0.26674798130989075
-4.378150463104248,-4.368779182434082,0.006221630610525608,-0.26674798130989075
-4.240907669067383,-4.240907669067383,0.009310764260590076,-0.2584892213344574
-4.254521369934082,-4.254521369934082,0.011435413733124733,-0.2593664824962616
-4.087069034576416,-4.259057998657227,0.012873795814812183,-0.2596588730812073
-4.095791816711426,-4.095791816711426,0.013681810349225998,-0.24916745722293854
-4.1045122146606445,-4.100152492523193,0.014009728096425533,-0.2494467943906784
-3.991050958633423,-4.1045122146606445,0.013791409321129322,-0.24972613155841827
-4.012226581573486,-4.012226581573486,0.012046834453940392,-0.24382314085960388
-4.0545268058776855,-4.0545268058776855,0.010301444679498672,-0.24652627110481262
-3.9935684204101562,-4.0545268058776855,0.00840950757265091,-0.24652627110481262
-3.9977283477783203,-3.9977283477783203,0.004631564952433109,-0.242897629737854
-4.01436185836792,-4.01436185836792,-0.0015435224631801248,-0.2439594715833664
-3.8256213665008545,-4.026830196380615,-0.0038345875218510628,-0.24475586414337158
-3.8414673805236816,-3.8414673805236816,-0.0088953897356987,-0.23295404016971588
-3.8533456325531006,-3.849386692047119,-0.011651545763015747,-0.23345662653446198
-3.708320140838623,-3.8533456325531006,-0.0144085343927145,-0.23370791971683502
-3.71213436126709,-3.71213436126709,-0.02013445273041725,-0.22476616501808167
-3.7159481048583984,-3.7159481048583984,-0.025637956336140633,-0.2250070720911026
-3.6358752250671387,-3.6358752250671387,-0.031038552522659302,-0.21995556354522705
-3.6358752250671387,-3.6358752250671387,-0.036031708121299744,-0.21995556354522705
-3.628406047821045,-3.628406047821045,-0.04230617359280586,-0.2194850742816925
-3.5148255825042725,-3.507593870162964,-0.044525161385536194,-0.21189112961292267
-3.4967427253723145,-3.4967427253723145,-0.047868020832538605,-0.21121051907539368
-3.4931247234344482,-3.4931247234344482,-0.0505436509847641,-0.21098364889621735
-3.3597419261932373,-3.3597419261932373,-0.054183416068553925,-0.20263808965682983
-3.3597419261932373,-3.3597419261932373,-0.05530456453561783,-0.20263808965682983
-3.1790361404418945,-3.1790361404418945,-0.05741915479302406,-0.19138659536838531
-3.1823501586914062,-3.1823501586914062,-0.059481050819158554,-0.19159238040447235
-3.1757216453552246,-3.1757216453552246,-0.06127644330263138,-0.19118079543113708
-2.9663443565368652,-2.9663443565368652,-0.06220085546374321,-0.17821983993053436
-2.9663443565368652,-2.9663443565368652,-0.0626446083188057,-0.17821983993053436
-2.7339043617248535,-2.7339043617248535,-0.06262753158807755,-0.16391801834106445
-2.7281012535095215,-2.7281012535095215,-0.06198716163635254,-0.16356205940246582
-2.7193949222564697,-2.722297191619873,-0.061419274657964706,-0.1632061004638672
-2.7193949222564697,-2.7193949222564697,-0.06076640263199806,-0.16302813589572906
-2.6327948570251465,-2.6327948570251465,-0.05942818149924278,-0.15772342681884766
-2.624342679977417,-2.624342679977417,-0.05766494199633598,-0.15720629692077637
-2.615889072418213,-2.615889072418213,-0.05530330538749695,-0.15668918192386627
-2.53105092048645,-2.53105092048645,-0.05344034358859062,-0.15150530636310577
-2.5201637744903564,-2.53105092048645,-0.05266699567437172,-0.15150530636310577
-2.511996269226074,-2.5201637744903564,-0.05037013068795204,-0.15084080398082733
-2.3230535984039307,-2.3230535984039307,-0.04875333607196808,-0.13883866369724274
-2.3205230236053467,-2.3205230236053467,-0.043958235532045364,-0.13868491351604462
-2.3154613971710205,-2.3154613971710205,-0.040744587779045105,-0.13837739825248718
-2.109894037246704,-2.109894037246704,-0.03885697200894356,-0.12591594457626343
-2.100611686706543,-2.105253219604492,-0.036828286945819855,-0.12563520669937134
-2.0959696769714355,-2.100611686706543,-0.032582856714725494,-0.12535445392131805
-2.093648672103882,-2.093648672103882,-0.030261298641562462,-0.12493333220481873
-1.8635015487670898,-1.8635015487670898,-0.025147072970867157,-0.11104455590248108
-1.8614202737808228,-1.8635015487670898,-0.02268414944410324,-0.11104455590248108
-1.8593391180038452,-1.8614202737808228,-0.017829274758696556,-0.11091922223567963
-1.726046085357666,-1.726046085357666,-0.015434127300977707,-0.10277596116065979
-1.7241113185882568,-1.7241113185882568,-0.01302427053451538,-0.10265970975160599
-1.7241113185882568,-1.7241113185882568,-0.008479053154587746,-0.10265970975160599
-1.7221763134002686,-1.7221763134002686,-0.006229860708117485,-0.10254344344139099
-1.5211156606674194,-1.5211156606674194,-0.0010425654472783208,-0.09048136323690414
-1.5211156606674194,-1.5211156606674194,0.0014547943137586117,-0.09048136323690414
-1.5193934440612793,-1.5193934440612793,0.006271890364587307,-0.09037819504737854
-1.3468658924102783,-1.5193934440612793,0.010828295722603798,-0.09037819504737854
-1.3483966588974,-1.3483966588974,0.012975923717021942,-0.0801466852426529
-1.3514580726623535,-1.3514580726623535,0.01681288331747055,-0.08032966405153275
-1.1934665441513062,-1.1907718181610107,0.019522100687026978,-0.07073445618152618
-1.196160912513733,-1.196160912513733,0.02238735370337963,-0.07105597108602524
-1.0203853845596313,-1.0203853845596313,0.023837756365537643,-0.06057829409837723
-1.026125431060791,-1.026125431060791,0.024130897596478462,-0.06092015653848648
-1.031865119934082,-1.031865119934082,0.023456819355487823,-0.06126202642917633
-0.9044572710990906,-0.9044572710990906,0.021995337679982185,-0.053677599877119064
-0.9074646234512329,-0.9074646234512329,0.019912678748369217,-0.05385652929544449
-0.844136655330658,-0.844136655330658,0.01725572533905506,-0.05008964613080025
-0.8459960222244263,-0.8459960222244263,0.014277354814112186,-0.050200220197439194
-0.8506443500518799,-0.8478553295135498,0.012659854255616665,-0.05031079053878784
-0.7374765872955322,-0.8506443500518799,0.008980386890470982,-0.05047665163874626
-0.7398931384086609,-0.7398931384086609,0.006818751804530621,-0.04389296472072601
-0.743115246295929,-0.743115246295929,0.0021088863722980022,-0.04408443346619606
-0.747948169708252,-0.747948169708252,-0.003297584131360054,-0.044371627271175385
-0.6635491251945496,-0.6635491251945496,-0.00913032703101635,-0.03935755789279938
-0.6671118140220642,-0.6635491251945496,-0.011984285898506641,-0.03935755789279938
-0.6685368418693542,-0.6671118140220642,-0.018414966762065887,-0.03956915810704231
-0.5762836933135986,-0.5756711959838867,-0.021659687161445618,-0.03413952887058258
-0.5762836933135986,-0.5762836933135986,-0.028408246114850044,-0.03417588770389557
-0.5775085091590881,-0.5768961310386658,-0.03789691999554634,-0.03421224281191826
-0.4736423194408417,-0.4736423194408417,-0.04103335738182068,-0.028084242716431618
-0.4746462106704712,-0.4746462106704712,-0.04426284506917,-0.028143806383013725
-0.4756500720977783,-0.4756500720977783,-0.05067037045955658,-0.028203371912240982
-0.39310121536254883,-0.39310121536254883,-0.05922957882285118,-0.023306144401431084
-0.394347220659256,-0.394347220659256,-0.062186554074287415,-0.023380054160952568
-0.3951779305934906,-0.3951779305934906,-0.06818283349275589,-0.023429326713085175
-0.3045561909675598,-0.3045561909675598,-0.07424859702587128,-0.018054798245429993
-0.3045561909675598,-0.3042367100715637,-0.08474909514188766,-0.018035853281617165
-0.16178196668624878,-0.16178196668624878,-0.08946231007575989,-0.009589838795363903
-0.16178196668624878,-0.16178196668624878,-0.09360626339912415,-0.009589838795363903
0.021411053836345673,0.021411053836345673,-0.09670615196228027,0.0012691187439486384
0.021411053836345673,0.021411053836345673,-0.09946945309638977,0.0012691187439486384
0.1739450991153717,0.1739450991153717,-0.10202427953481674,0.010310889221727848
0.1739450991153717,0.1739450991153717,-0.104279525578022,0.010310889221727848
0.1735781580209732,0.17376163601875305,-0.10518330335617065,0.010300012305378914
0.17376163601875305,0.1735781580209732,-0.10709748417139053,0.010289136320352554
0.33214718103408813,0.33214718103408813,-0.10799972712993622,0.0196909848600626
0.3335496485233307,0.3335496485233307,-0.11053968220949173,0.01977415569126606
0.3335496485233307,0.3335496485233307,-0.11278118193149567,0.01977415569126606
0.4796377122402191,0.4796377122402191,-0.11712216585874557,0.02843998186290264
0.4786328673362732,0.47913527488708496,-0.11949164420366287,0.0284101702272892
0.5641230344772339,0.4786328673362732,-0.12034452706575394,0.02838035859167576
0.5653082728385925,0.5647156238555908,-0.12237229198217392,0.03348918259143829
0.5647156238555908,0.5647156238555908,-0.1239306628704071,0.03348918259143829
0.6370400190353394,0.6370400190353394,-0.12547829747200012,0.037783216685056686
0.6357033252716064,0.6370400190353394,-0.12620776891708374,0.037783216685056686
0.6357033252716064,0.6357033252716064,-0.12716446816921234,0.03770384192466736
0.7762942910194397,0.7762942910194397,-0.12761540710926056,0.04605627804994583
0.7738473415374756,0.7738473415374756,-0.1279417872428894,0.04591083899140358
0.7722159624099731,0.7722159624099731,-0.12771984934806824,0.04581387713551521
0.8458437919616699,0.7722159624099731,-0.12740156054496765,0.04581387713551521
0.8431587219238281,0.8440538048744202,-0.12677501142024994,0.05008471757173538
0.8422636985778809,0.8431587219238281,-0.1260657161474228,0.05003149434924126
0.8431587219238281,0.8431587219238281,-0.12483475357294083,0.05003149434924126
0.9166155457496643,0.9166155457496643,-0.12317068874835968,0.054401006549596786
0.9146641492843628,0.9156398177146912,-0.12217267602682114,0.05434294417500496
0.9146641492843628,0.9146641492843628,-0.12029032409191132,0.05428489297628403
1.0020853281021118,1.0020853281021118,-0.11929625272750854,0.05948849394917488
1.0020853281021118,1.0020853281021118,-0.11742134392261505,0.05948849394917488
1.0031548738479614,1.0031548738479614,-0.11589745432138443,0.059552185237407684
1.1473244428634644,1.0020853281021118,-0.11448853462934494,0.05948849394917488
1.148546576499939,1.148546576499939,-0.11339545249938965,0.06821589916944504
1.1473244428634644,1.148546576499939,-0.11160018295049667,0.06821589916944504
1.1878728866577148,1.1473244428634644,-0.1109403446316719,0.06814302504062653
1.1878728866577148,1.1878728866577148,-0.11030589044094086,0.07056150585412979
1.186606526374817,1.1878728866577148,-0.10958900302648544,0.07056150585412979
1.186606526374817,1.186606526374817,-0.10889968276023865,0.07048595696687698
1.2126622200012207,1.2126622200012207,-0.10738998651504517,0.07204058021306992
1.2087761163711548,1.2087761163711548,-0.10536549240350723,0.07180868834257126
1.2527846097946167,1.2527846097946167,-0.10338689386844635,0.07443536072969437
1.2527846097946167,1.2527846097946167,-0.10145485401153564,0.07443536072969437
1.2527846097946167,1.2527846097946167,-0.10054419934749603,0.07443536072969437
1.258424997329712,1.2527846097946167,-0.09801705181598663,0.07443536072969437
1.2570754289627075,1.258424997329712,-0.09713178128004074,0.07477211207151413
1.2557258605957031,1.2557258605957031,-0.0961737260222435,0.07461096346378326
1.2543762922286987,1.2557258605957031,-0.09415716677904129,0.07461096346378326
1.3786572217941284,1.2543762922286987,-0.09320667386054993,0.07453039288520813
1.3771753311157227,1.3771753311157227,-0.09120438992977142,0.08186705410480499
1.3786572217941284,1.3786572217941284,-0.08956273645162582,0.08195565640926361
1.4352750778198242,1.4352750778198242,-0.0887889564037323,0.08534213900566101
1.4383589029312134,1.4383589029312134,-0.0878555029630661,0.08552666753530502
1.4383589029312134,1.4383589029312134,-0.08688563853502274,0.08552666753530502
1.4831898212432861,1.4831898212432861,-0.08577937632799149,0.08821002393960953
1.4831898212432861,1.4831898212432861,-0.08475657552480698,0.08821002393960953
1.4831898212432861,1.4831898212432861,-0.08438132703304291,0.08821002393960953
1.5961508750915527,1.5961508750915527,-0.083883136510849,0.0949786975979805
1.5978573560714722,1.5978573560714722,-0.08351375162601471,0.09508103877305984
1.5961508750915527,1.5961508750915527,-0.0832931399345398,0.0949786975979805
1.71114981174469,1.71114981174469,-0.08350573480129242,0.1018809899687767
1.709328055381775,1.709328055381775,-0.0834927186369896,0.10177155584096909
1.7267359495162964,1.7267359495162964,-0.0834750160574913,0.10281742364168167
1.73041570186615,1.7267359495162964,-0.08357640355825424,0.10281742364168167
1.73041570186615,1.73041570186615,-0.08378072828054428,0.10303853452205658
1.7267359495162964,1.7267359495162964,-0.08376351743936539,0.10281742364168167
1.774680256843567,1.774680256843567,-0.08373106271028519,0.10569940507411957
1.7727900743484497,1.7727900743484497,-0.08337855339050293,0.1055857464671135
1.8320928812026978,1.8320928812026978,-0.08294946700334549,0.10915351659059525
1.8320928812026978,1.8320928812026978,-0.08214016258716583,0.10915351659059525
1.8301345109939575,1.8301345109939575,-0.08165186643600464,0.10903564095497131
1.8281760215759277,1.8301345109939575,-0.08052132278680801,0.10903564095497131
1.8411860466003418,1.8411860466003418,-0.07988160848617554,0.10970089584589005
1.8372374773025513,1.8372374773025513,-0.07825592905282974,0.10946319252252579
1.833288550376892,1.833288550376892,-0.07633376121520996,0.10922548919916153
1.8309067487716675,1.8309067487716675,-0.07476617395877838,0.10908212512731552
1.8309067487716675,1.8309067487716675,-0.07402730733156204,0.10908212512731552
1.8309067487716675,1.8309067487716675,-0.07263372838497162,0.10908212512731552
1.8202816247940063,1.8202816247940063,-0.0720837190747261,0.10844264924526215
1.8222380876541138,1.8222380876541138,-0.07125590741634369,0.10856039077043533
1.8202816247940063,1.8202816247940063,-0.07028098404407501,0.10844264924526215
1.9448069334030151,1.9448069334030151,-0.06926310807466507,0.1159445270895958
1.9427217245101929,1.9427217245101929,-0.06843852996826172,0.11581876873970032
1.9468917846679688,1.9468917846679688,-0.06826353818178177,0.11607027053833008
1.9773532152175903,1.9773532152175903,-0.06814306229352951,0.11790794879198074
1.9710091352462769,1.9731239080429077,-0.06776576489210129,0.11765274405479431
1.9731239080429077,1.9710091352462769,-0.06702708452939987,0.1175251305103302
2.0461063385009766,2.0461063385009766,-0.06669270992279053,0.12205944955348969
2.048299551010132,2.048299551010132,-0.06627162545919418,0.12219198048114777
2.048299551010132,2.048299551010132,-0.06607314944267273,0.12219198048114777
2.1045289039611816,2.1045289039611816,-0.06552235037088394,0.12559139728546143
2.106780767440796,2.106780767440796,-0.06545952707529068,0.1257276087999344
2.1045289039611816,2.1045289039611816,-0.06502462923526764,0.12559139728546143
2.27313494682312,2.27313494682312,-0.06514851003885269,0.13580727577209473
2.2634475231170654,2.2707130908966064,-0.0644247829914093,0.1356602907180786
2.385528087615967,2.2634475231170654,-0.0635460838675499,0.13521936535835266
2.38297700881958,2.38297700881958,-0.06252411752939224,0.14248187839984894
2.38297700881958,2.38297700881958,-0.06157924607396126,0.14248187839984894
2.5096757411956787,2.5096757411956787,-0.061133887618780136,0.15020084381103516
2.5096757411956787,2.5096757411956787,-0.06029390171170235,0.15020084381103516
2.5096757411956787,2.5096757411956787,-0.05951728671789169,0.15020084381103516
2.648679256439209,2.6458611488342285,-0.0592183992266655,0.1585230827331543
2.6458611488342285,2.6458611488342285,-0.058732494711875916,0.1585230827331543
2.643043041229248,2.643043041229248,-0.05839662626385689,0.15835058689117432
2.635314702987671,2.643043041229248,-0.058073677122592926,0.15835058689117432
2.63812518119812,2.63812518119812,-0.057869989424943924,0.15804961323738098
2.635314702987671,2.635314702987671,-0.05727624520659447,0.1578776240348816
2.626882791519165,2.6325042247772217,-0.05609860643744469,0.1577056497335434
2.8126754760742188,2.8126754760742188,-0.055436693131923676,0.1687549650669098
2.8126754760742188,2.8126754760742188,-0.05359983071684837,0.1687549650669098
2.8036630153656006,2.8036630153656006,-0.052713509649038315,0.16820105910301208
2.9440200328826904,2.9440200328826904,-0.05186127871274948,0.17684240639209747
2.947167158126831,2.947167158126831,-0.05046346038579941,0.17703652381896973
2.947167158126831,2.947167158126831,-0.049171093851327896,0.17703652381896973
2.978602409362793,2.947167158126831,-0.0485619492828846,0.17703652381896973
2.978602409362793,2.978602409362793,-0.047413043677806854,0.17897653579711914
2.975423574447632,2.975423574447632,-0.04614124447107315,0.17878028750419617
3.1008124351501465,3.1008124351501465,-0.04496539384126663,0.1865348368883133
3.1008124351501465,3.1008124351501465,-0.043878257274627686,0.1865348368883133
3.1041173934936523,3.1008124351501465,-0.043878257274627686,0.1865348368883133
3.3294827938079834,3.3294827938079834,-0.04308270663022995,0.2007496953010559
3.325953722000122,3.325953722000122,-0.04213760420680046,0.2005295753479004
3.3224244117736816,3.3224244117736816,-0.041585300117731094,0.20030945539474487
3.318894863128662,3.3224244117736816,-0.04033404961228371,0.20030945539474487
3.474958896636963,3.474958896636963,-0.03953060507774353,0.20984496176242828
3.463880777359009,3.467573881149292,-0.03843754157423973,0.20938222110271454
3.467573881149292,3.463880777359009,-0.0365854948759079,0.20915086567401886
3.471266746520996,3.467573881149292,-0.03581938520073891,0.20938222110271454
3.598205804824829,3.598205804824829,-0.03458400070667267,0.21758389472961426
3.605830430984497,3.602018356323242,-0.03421538695693016,0.217823788523674
3.602018356323242,3.602018356323242,-0.03331058472394943,0.217823788523674
3.7116260528564453,3.602018356323242,-0.032884109765291214,0.217823788523674
3.707707405090332,3.707707405090332,-0.03197290375828743,0.2244865596294403
3.7037880420684814,3.707707405090332,-0.03138419985771179,0.2244865596294403
3.707707405090332,3.707707405090332,-0.030924979597330093,0.2244865596294403
3.707707405090332,3.707707405090332,-0.030483420938253403,0.2244865596294403
3.68060302734375,3.707707405090332,-0.029650600627064705,0.2244865596294403
3.688387632369995,3.688387632369995,-0.029471734538674355,0.2232668101787567
3.672816276550293,3.684495449066162,-0.028296101838350296,0.22302119433879852
3.6800832748413086,3.6800832748413086,-0.02784881554543972,0.22274278104305267
3.6800832748413086,3.6800832748413086,-0.026607554405927658,0.22274278104305267
3.6722891330718994,3.6722891330718994,-0.02543843723833561,0.2222510725259781
3.7016592025756836,3.7016592025756836,-0.024887382984161377,0.2241046279668808
3.6938061714172363,3.697733163833618,-0.024143854156136513,0.22385673224925995
3.6898787021636963,3.6938061714172363,-0.022531919181346893,0.2236088365316391
3.6620657444000244,3.6620657444000244,-0.021665306761860847,0.2216062992811203
3.658160448074341,3.658160448074341,-0.01992395520210266,0.22136007249355316
3.6620657444000244,3.658160448074341,-0.01915764808654785,0.22136007249355316
3.6620657444000244,3.6620657444000244,-0.018420815467834473,0.2216062992811203
3.653289556503296,3.653289556503296,-0.017031081020832062,0.22105300426483154
3.653289556503296,3.653289556503296,-0.016376039013266563,0.22105300426483154
3.649393081665039,3.649393081665039,-0.014930999837815762,0.22080738842487335
3.645495891571045,3.645495891571045,-0.014143052510917187,0.22056177258491516
3.68149471282959,3.68149471282959,-0.012447340413928032,0.2228318303823471
3.6775577068328857,3.6775577068328857,-0.011541249230504036,0.22258344292640686
3.6696815490722656,3.6736199855804443,-0.009413138031959534,0.22233501076698303
3.6837942600250244,3.6837942600250244,-0.0062098391354084015,0.222976952791214
3.687751054763794,3.6837942600250244,-0.005329974461346865,0.222976952791214
3.691707134246826,3.691707134246826,-0.004590789321810007,0.2234763354063034
3.6809866428375244,3.6809866428375244,-0.0030897774267941713,0.22279977798461914
3.6809866428375244,3.6770365238189697,-0.002223075833171606,0.22255055606365204
3.684936046600342,3.684936046600342,-0.00023308633535634726,0.22304899990558624
3.7368125915527344,3.7368125915527344,9.268810390494764e-05,0.2263256311416626
3.7487435340881348,3.7487435340881348,-0.0005430112360045314,0.2270800620317459
3.782618761062622,3.7368125915527344,-0.0005020444514229894,0.2263256311416626
3.7866406440734863,3.7866406440734863,-0.0005895740468986332,0.22947847843170166
3.7866406440734863,3.7866406440734863,-0.0007546632550656796,0.22947847843170166
3.8942575454711914,3.7866406440734863,-0.001120975473895669,0.22947847843170166
3.8983731269836426,3.8942575454711914,-0.001771941315382719,0.23630696535110474
3.9148311614990234,3.9066033363342285,-0.003109332639724016,0.2370920181274414
3.92305588722229,3.9148311614990234,-0.004058115184307098,0.2376154065132141
4.031741619110107,4.031741619110107,-0.006270855199545622,0.24506966769695282
4.048538684844971,4.048538684844971,-0.00915492419153452,0.24614334106445312
4.048538684844971,4.048538684844971,-0.010619048029184341,0.24614334106445312
4.134289264678955,4.134289264678955,-0.013380523771047592,0.25163528323173523
4.134289264678955,4.134289264678955,-0.014682124368846416,0.25163528323173523
4.134289264678955,4.134289264678955,-0.017137065529823303,0.25163528323173523
4.198101043701172,4.198101043701172,-0.018401023000478745,0.2557339370250702
4.1937689781188965,4.1937689781188965,-0.02067812718451023,0.2554553747177124
4.189436435699463,4.189436435699463,-0.023316288366913795,0.2551768124103546
4.238737106323242,4.238737106323242,-0.02412891387939453,0.25834938883781433
4.238737106323242,4.234358310699463,-0.024803444743156433,0.25806736946105957
4.238737106323242,4.238737106323242,-0.026285246014595032,0.25834938883781433
4.507070541381836,4.507070541381836,-0.026983680203557014,0.275728702545166
4.53478479385376,4.520931243896484,-0.03047562576830387,0.27663174271583557
4.708868026733398,4.553242206573486,-0.03208126500248909,0.2787388265132904
4.7136054039001465,4.7136054039001465,-0.03563561663031578,0.28924041986465454
4.723079204559326,4.7183427810668945,-0.03747014328837395,0.2895517647266388
4.727814197540283,4.723079204559326,-0.04307902976870537,0.28986310958862305
4.7183427810668945,4.727814197540283,-0.044627271592617035,0.2901744842529297
4.838560104370117,4.838560104370117,-0.04702143743634224,0.29747524857521057
4.838560104370117,4.833703994750977,-0.04902952164411545,0.29715433716773987
4.992439270019531,4.992439270019531,-0.049601029604673386,0.3076814115047455
4.977410316467285,4.982421398162842,-0.049936890602111816,0.30701473355293274
4.982421398162842,4.977410316467285,-0.05046762526035309,0.30668139457702637
4.987431049346924,4.987431049346924,-0.05087699368596077,0.3073481023311615
5.254569053649902,4.987431049346924,-0.05148428678512573,0.3073481023311615
5.259788990020752,5.259788990020752,-0.05217505991458893,0.32559311389923096
5.2702250480651855,5.265007972717285,-0.05294610559940338,0.325945109128952
5.2702250480651855,5.2702250480651855,-0.05460993945598602,0.3262971043586731
5.33707857131958,5.2702250480651855,-0.05539417266845703,0.3262971043586731
5.33707857131958,5.33707857131958,-0.05677058547735214,0.3308156132698059
5.342349052429199,5.342349052429199,-0.05835545435547829,0.33117249608039856
5.309089660644531,5.309089660644531,-0.05971391499042511,0.3289220333099365
5.309089660644531,5.309089660644531,-0.06076442822813988,0.3289220333099365
5.303840637207031,5.303840637207031,-0.06162884831428528,0.3285672068595886
5.285695552825928,5.285695552825928,-0.062143124639987946,0.32734137773513794
5.285695552825928,5.285695552825928,-0.06311310082674026,0.32734137773513794
5.264767169952393,5.275234222412109,-0.06337708234786987,0.32663512229919434
5.29315710067749,5.29315710067749,-0.06328993290662766,0.3278453052043915
5.282626152038574,5.282626152038574,-0.06299246102571487,0.3271341323852539
5.2878923416137695,5.2878923416137695,-0.06253822892904282,0.3274897038936615
5.2878923416137695,5.2878923416137695,-0.06237650662660599,0.3274897038936615
5.3810834884643555,5.3810834884643555,-0.06196874752640724,0.33379822969436646
5.365053176879883,5.365053176879883,-0.06127123534679413,0.3327109217643738
5.349009990692139,5.359706401824951,-0.060730885714292526,0.332348495721817
5.345327377319336,5.349009990692139,-0.05917755141854286,0.3316236436367035
5.334595203399658,5.339962005615234,-0.05807670205831528,0.3310108482837677
5.329227447509766,5.334595203399658,-0.05691135302186012,0.3306474983692169
5.32385778427124,5.329227447509766,-0.05315952003002167,0.3302841782569885
5.350651741027832,5.32385778427124,-0.05196962505578995,0.32992082834243774
5.350651741027832,5.345258712768555,-0.05082549527287483,0.331369549036026
5.356043815612793,5.356043815612793,-0.049832213670015335,0.3321002423763275
5.3398637771606445,5.3398637771606445,-0.0485566146671772,0.33100420236587524
5.406494140625,5.406494140625,-0.045727476477622986,0.3355236351490021
5.379131317138672,5.39008092880249,-0.04043788090348244,0.3344089388847351
5.432626247406006,5.432626247406006,-0.036441996693611145,0.3373003900051117
5.432626247406006,5.432626247406006,-0.03450619801878929,0.3373003900051117
5.416001319885254,5.416001319885254,-0.030534574761986732,0.3361697494983673
5.435778617858887,5.416001319885254,-0.024678371846675873,0.3361697494983673
5.446920871734619,5.446920871734619,-0.02287450060248375,0.3382733166217804
5.458057403564453,5.458057403564453,-0.021353688091039658,0.33903178572654724
5.474749565124512,5.474749565124512,-0.020211875438690186,0.3401694595813751
5.435038089752197,5.435038089752197,-0.018165146932005882,0.33746448159217834
5.429514408111572,5.429514408111572,-0.016165992245078087,0.3370886743068695
5.429514408111572,5.429514408111572,-0.015223706141114235,0.3370886743068695
5.485625743865967,5.491201400756836,-0.014317662455141544,0.34129172563552856
5.47446870803833,5.485625743865967,-0.013339635916054249,0.34091126918792725
5.468887805938721,5.47446870803833,-0.012185548432171345,0.34015029668807983
5.468887805938721,5.468887805938721,-0.009799259714782238,0.33976981043815613
5.528082847595215,5.468887805938721,-0.008674501441419125,0.33976981043815613
5.511183738708496,5.511183738708496,-0.006129862274974585,0.3426561653614044
5.511183738708496,5.511183738708496,-0.0035717494320124388,0.3426561653614044
5.522451400756836,5.522451400756836,-0.0025796713307499886,0.3434261679649353
5.657765865325928,5.657765865325928,-0.0004989493754692376,0.35270947217941284
5.669260501861572,5.663514137268066,0.0003749440948013216,0.3531053364276886
5.669260501861572,5.669260501861572,0.0018136210273951292,0.35350120067596436
5.732206344604492,5.669260501861572,0.00238489150069654,0.35350120067596436
5.726415634155273,5.726415634155273,0.003569200402125716,0.35744526982307434
5.709033489227295,5.714828968048096,0.005292857997119427,0.35664471983909607
5.721738338470459,5.727558135986328,0.006264497525990009,0.35752421617507935
5.715917110443115,5.727558135986328,0.007198766339570284,0.35752421617507935
5.710093975067139,5.710093975067139,0.00948686245828867,0.3563177287578583
5.704268932342529,5.710093975067139,0.010724550113081932,0.3563177287578583
5.863862037658691,5.863862037658691,0.012742538936436176,0.3669812083244324
5.863862037658691,5.863862037658691,0.014608282595872879,0.3669812083244324
6.001161575317383,5.863862037658691,0.015435314737260342,0.3669812083244324
5.989060878753662,5.989060878753662,0.017208853736519814,0.37573209404945374
6.001161575317383,6.001161575317383,0.017935864627361298,0.37658122181892395
6.001161575317383,6.001161575317383,0.019307073205709457,0.37658122181892395
6.130191326141357,5.995112419128418,0.0200602225959301,0.37615665793418884
6.136337757110596,6.136337757110596,0.02116432413458824,0.38610774278640747
6.136337757110596,6.136337757110596,0.02208239771425724,0.38610774278640747
6.142481803894043,6.142481803894043,0.02240828610956669,0.38654255867004395
6.24937629699707,6.24937629699707,0.022496981546282768,0.3941330909729004
6.25557804107666,6.25557804107666,0.022369418293237686,0.39457494020462036
6.261776924133301,6.261776924133301,0.022150080651044846,0.39501678943634033
6.40855073928833,6.40855073928833,0.02121042273938656,0.4055279493331909
6.433668613433838,6.414834022521973,0.020608315244317055,0.40598005056381226
6.439941883087158,6.439941883087158,0.01873713918030262,0.4077884554862976
6.584280490875244,6.439941883087158,0.017802800983190536,0.4077884554862976
6.597037315368652,6.597037315368652,0.01530459988862276,0.41916877031326294
6.6034111976623535,6.6034111976623535,0.014288614504039288,0.4196329414844513
6.6034111976623535,6.6034111976623535,0.01331170555204153,0.4196329414844513
6.651378631591797,6.651378631591797,0.010943185538053513,0.42313215136528015
6.6386027336120605,6.644991874694824,0.009881268255412579,0.42266562581062317
6.62581729888916,6.6386027336120605,0.007456369232386351,0.4221991002559662
6.667771816253662,6.661338806152344,0.006577424705028534,0.4238601326942444
6.654902935028076,6.654902935028076,0.005978469271212816,0.4233896732330322
6.595970153808594,6.595970153808594,0.005748528055846691,0.4190910756587982
6.589572429656982,6.589572429656982,0.005524406209588051,0.4186254143714905
6.58317232131958,6.58317232131958,0.0055256071500480175,0.41815975308418274
6.58317232131958,6.58317232131958,0.005526761524379253,0.41815975308418274
6.599715232849121,6.599715232849121,0.00531937088817358,0.41936376690864563
6.593307971954346,6.593307971954346,0.0053371950052678585,0.4188973009586334
6.586897850036621,6.593307971954346,0.005353674758225679,0.4188973009586334
6.679241180419922,6.679241180419922,0.005254602991044521,0.42516976594924927
6.6857008934021,6.6857008934021,0.005052502732723951,0.4256426990032196
6.679241180419922,6.6857008934021,0.0048581757582724094,0.4256426990032196
6.679241180419922,6.679241180419922,0.004598495550453663,0.42516976594924927
6.709301471710205,6.722302436828613,0.00488437432795763,0.42832618951797485
6.6897783279418945,6.6897783279418945,0.00544437812641263,0.4259413182735443
6.670230388641357,6.670230388641357,0.006303350906819105,0.4245103895664215
6.6506571769714355,6.6506571769714355,0.0074498034082353115,0.4230794310569763
6.621504306793213,6.621504306793213,0.010142197832465172,0.42095157504081726
6.608423709869385,6.608423709869385,0.013256057165563107,0.41999807953834534
6.601879119873047,6.601879119873047,0.014882962219417095,0.41952136158943176
6.659374713897705,6.659374713897705,0.01666097156703472,0.42371654510498047
6.652772426605225,6.652772426605225,0.01847742684185505,0.4232339859008789
6.626331329345703,6.632945537567139,0.02054453454911709,0.42178618907928467
6.626331329345703,6.626331329345703,0.024652864784002304,0.4213036000728607
6.61971378326416,6.626331329345703,0.026589294895529747,0.4213036000728607
6.568784236907959,6.568784236907959,0.03087027370929718,0.41711363196372986
6.55558443069458,6.55558443069458,0.03504195809364319,0.41615474224090576
6.55558443069458,6.55558443069458,0.037112992256879807,0.41615474224090576
6.600598335266113,6.600598335266113,0.04101916402578354,0.4194280803203583
6.607232570648193,6.607232570648193,0.04442106559872627,0.41991129517555237
6.607232570648193,6.607232570648193,0.04602452740073204,0.41991129517555237
6.69054651260376,6.683860778808594,0.04756631702184677,0.42550793290138245
6.697229862213135,6.69054651260376,0.048941969871520996,0.42599761486053467
6.697229862213135,6.697229862213135,0.05015787109732628,0.4264872670173645
6.710587024688721,6.710587024688721,0.052237510681152344,0.4274665415287018
6.72791051864624,6.710587024688721,0.05300615355372429,0.4274665415287018
6.72791051864624,6.72791051864624,0.054665457457304,0.42873790860176086
6.72791051864624,6.72791051864624,0.0561995767056942,0.42873790860176086
6.734597206115723,6.72791051864624,0.05681583285331726,0.42873790860176086
6.767465114593506,6.767465114593506,0.057661741971969604,0.43164631724357605
6.7942118644714355,6.77415657043457,0.05790124088525772,0.4321390688419342
6.814241409301758,6.7942118644714355,0.057724278420209885,0.4336172640323639
6.861380577087402,6.861380577087402,0.0568930022418499,0.43858250975608826
6.901368618011475,6.8813886642456055,0.05437592417001724,0.4400658905506134
6.947885036468506,6.927967548370361,0.050581786781549454,0.4435270428657532
7.01848840713501,6.998565673828125,0.04831581562757492,0.44879409670829773
7.038383960723877,7.01848840713501,0.04581649228930473,0.4502851068973541
7.051631927490234,7.051631927490234,0.04026015102863312,0.4527701139450073
7.1044158935546875,7.051631927490234,0.03710911422967911,0.4527701139450073
7.111025333404541,7.111025333404541,0.0306400079280138,0.4572376608848572
7.13743257522583,7.13743257522583,0.02392340824007988,0.4592300057411194
7.144026279449463,7.13743257522583,0.02065284550189972,0.4592300057411194
7.1108784675598145,7.1108784675598145,0.01427470427006483,0.45722657442092896
7.1174492835998535,7.1174492835998535,0.011161577887833118,0.4577219486236572
7.1174492835998535,7.1174492835998535,0.005289924796670675,0.4577219486236572
7.1174492835998535,7.1174492835998535,0.0025223661214113235,0.4577219486236572
7.312524318695068,7.312524318695068,-0.003223488572984934,0.47253546118736267
7.319188594818115,7.312524318695068,-0.008638584055006504,0.47253546118736267
7.312524318695068,7.312524318695068,-0.011190948076546192,0.47253546118736267
7.249556064605713,7.249556064605713,-0.016111787408590317,0.46773114800453186
7.242933750152588,7.249556064605713,-0.018483558669686317,0.46773114800453186
7.236307621002197,7.236307621002197,-0.022640537470579147,0.46672308444976807
7.18691349029541,7.18691349029541,-0.025538792833685875,0.4629732072353363
7.193545341491699,7.193545341491699,-0.02690696343779564,0.46347591280937195
7.206799030303955,7.206799030303955,-0.029701130464673042,0.46448126435279846
7.21342134475708,7.206799030303955,-0.031122880056500435,0.46448126435279846
7.200081825256348,7.200081825256348,-0.03348803520202637,0.46397164463996887
7.186807632446289,7.200081825256348,-0.034550461918115616,0.46397164463996887
7.1801652908325195,7.1801652908325195,-0.03525151312351227,0.4624619483947754
7.166872024536133,7.166872024536133,-0.035711921751499176,0.46145549416542053
7.071566581726074,7.071566581726074,-0.0360477939248085,0.4542675018310547
7.058365345001221,7.058365345001221,-0.036157067865133286,0.4532756209373474
7.045151710510254,7.051759719848633,-0.036155302077531815,0.45277971029281616
7.038540363311768,7.045151710510254,-0.03594239801168442,0.4522837698459625
7.03367805480957,7.046905994415283,-0.03584204986691475,0.452415406703949
7.027060031890869,7.03367805480957,-0.03523363918066025,0.4514232575893402
7.027060031890869,7.027060031890869,-0.0345643050968647,0.4509272277355194
6.9118781089782715,6.9118781089782715,-0.03408960998058319,0.4423302412033081
6.89876651763916,6.89876651763916,-0.033419497311115265,0.44135594367980957
6.885643482208252,6.885643482208252,-0.031140733510255814,0.44038161635398865
6.86593770980835,6.86593770980835,-0.030049851164221764,0.43892019987106323
6.993932723999023,6.993932723999023,-0.028466740623116493,0.44844767451286316
6.973835468292236,6.973835468292236,-0.02505759708583355,0.4469461739063263
6.960421562194824,6.967130184173584,-0.02149062417447567,0.44644564390182495
7.044712543487549,7.044712543487549,-0.019595690071582794,0.45225080847740173
7.004017353057861,7.0311598777771,-0.0175599604845047,0.45123448967933655
6.990427494049072,7.004017353057861,-0.01517517026513815,0.44920188188552856
6.976823806762695,6.990427494049072,-0.010463562794029713,0.44818562269210815
7.004092216491699,7.02463960647583,-0.005273260176181793,0.4507458508014679
6.98351526260376,6.98351526260376,0.0006801324780099094,0.4476690888404846
6.98351526260376,6.98351526260376,0.003645429853349924,0.4476690888404846
7.021308898925781,7.021308898925781,0.009345090948045254,0.4504963457584381
7.0074920654296875,7.0074920654296875,0.015033877454698086,0.4494619071483612
7.014402389526367,7.0074920654296875,0.020396210253238678,0.4494619071483612
7.0363359451293945,7.0363359451293945,0.022710027173161507,0.45162254571914673
7.043248653411865,7.043248653411865,0.024828020483255386,0.45214101672172546
7.043248653411865,7.043248653411865,0.028715917840600014,0.45214101672172546
7.063969135284424,7.043248653411865,0.030496075749397278,0.45214101672172546
7.06760311126709,7.06760311126709,0.03280168026685715,0.4539695978164673
7.0813727378845215,7.0813727378845215,0.035007085651159286,0.45500487089157104
7.10200309753418,7.0813727378845215,0.03526322916150093,0.45500487089157104
7.120575428009033,7.120575428009033,0.03508216142654419,0.45795774459838867
7.1410956382751465,7.1410956382751465,0.03410373628139496,0.45950666069984436
7.16840934753418,7.16840934753418,0.03311257064342499,0.4615718424320221
7.218803405761719,7.205165386199951,0.03194585070014,0.46435728669166565
7.239234924316406,7.218803405761719,0.029116595163941383,0.46539267897605896
7.280007839202881,7.280007839202881,0.025539258494973183,0.4700517952442169
7.273709297180176,7.280007839202881,0.02338176779448986,0.4700517952442169
7.30072021484375,7.30072021484375,0.018474262207746506,0.4716331660747528
7.30072021484375,7.30072021484375,0.01158882211893797,0.4716331660747528
7.307465076446533,7.307465076446533,0.009326862171292305,0.4721486270427704
7.2554779052734375,7.242092132568359,0.006938222795724869,0.4671630859375
7.282209396362305,7.262165546417236,0.004214107058942318,0.4686914384365082
7.28888463973999,7.282209396362305,-0.0011334022274240851,0.47021976113319397
7.311885833740234,7.311885833740234,-0.0037607490085065365,0.47248661518096924
7.311885833740234,7.311885833740234,-0.011051875539124012,0.47248661518096924
7.311885833740234,7.311885833740234,-0.01329774223268032,0.47248661518096924
7.211929798126221,7.211929798126221,-0.01753365993499756,0.46487072110176086
7.205308437347412,7.205308437347412,-0.019423387944698334,0.46436816453933716
7.198684215545654,7.205308437347412,-0.02277802675962448,0.46436816453933716
7.1793084144592285,7.198684215545654,-0.024145541712641716,0.46386560797691345
7.166045188903809,7.166045188903809,-0.0263056643307209,0.46139290928840637
7.172678470611572,7.172678470611572,-0.028512388467788696,0.4618949890136719
7.172678470611572,7.172678470611572,-0.029552511870861053,0.4618949890136719
7.14230489730835,7.148930549621582,-0.031095145270228386,0.46009865403175354
7.13567590713501,7.13567590713501,-0.032311826944351196,0.45909732580184937
7.129044055938721,7.129044055938721,-0.03277846798300743,0.45859670639038086
7.045052528381348,7.045052528381348,-0.03313262760639191,0.452276349067688
7.0252532958984375,7.038455963134766,-0.03303350508213043,0.4517815113067627
7.018647193908691,7.0252532958984375,-0.03245009109377861,0.4507918357849121
6.953286647796631,7.018647193908691,-0.032163552939891815,0.4502969980239868
6.953286647796631,6.959856986999512,-0.03162311390042305,0.44590306282043457
6.953286647796631,6.953286647796631,-0.031261540949344635,0.44541308283805847
6.837348937988281,6.837348937988281,-0.03036590851843357,0.4368034601211548
6.811311721801758,6.824336051940918,-0.029625335708260536,0.43584132194519043
6.798276424407959,6.798276424407959,-0.028014875948429108,0.4339171051979065
6.791754722595215,6.798276424407959,-0.02704421989619732,0.4339171051979065
6.62758207321167,6.62758207321167,-0.024375194683670998,0.42139485478401184
6.601802349090576,6.601802349090576,-0.021069273352622986,0.4195157289505005
6.479015350341797,6.588895797729492,-0.01564708538353443,0.4185761511325836
6.453455448150635,6.453455448150635,-0.013549546711146832,0.40876296162605286
6.427855014801025,6.44066047668457,-0.008755131624639034,0.40784022212028503
6.289709091186523,6.289709091186523,-0.006281642243266106,0.39700984954833984
6.277069568634033,6.277069568634033,-0.0011972703505307436,0.39610755443573
6.270746231079102,6.270746231079102,0.0038199075497686863,0.39565643668174744
6.177719593048096,6.177719593048096,0.008561300113797188,0.38903939723968506
6.171457290649414,6.171457290649414,0.010902958922088146,0.3885952830314636
6.171457290649414,6.171457290649414,0.01531954761594534,0.3885952830314636
6.165192604064941,6.165192604064941,0.017508111894130707,0.3881511688232422
6.056576728820801,6.056576728820801,0.022055091336369514,0.3804774582386017
6.050380706787109,6.056576728820801,0.024305105209350586,0.3804774582386017
6.056576728820801,6.050380706787109,0.028339290991425514,0.3800411820411682
5.843105792999268,5.843105792999268,0.030133936554193497,0.3655364513397217
5.861153602600098,5.849123954772949,0.03153903782367706,0.3659551739692688
5.867165565490723,5.861153602600098,0.0339796245098114,0.36679258942604065
5.879182815551758,5.879182815551758,0.034916311502456665,0.3680487275123596
5.72596549987793,5.72596549987793,0.03584470972418785,0.357414186000824
5.743526935577393,5.737674713134766,0.03596179187297821,0.35822370648384094
5.749377250671387,5.749377250671387,0.03597306087613106,0.3590332567691803
5.588998317718506,5.577595233917236,0.0356578528881073,0.34720122814178467
5.600393295288086,5.600393295288086,0.03484967350959778,0.34876516461372375
5.623164176940918,5.623164176940918,0.03305874019861221,0.3503291606903076
5.5237932205200195,5.628851890563965,0.030774230137467384,0.3507201373577118
5.546138286590576,5.534968852996826,0.02782380022108555,0.3442821204662323
5.557300090789795,5.546138286590576,0.02782380022108555,0.34504634141921997
5.574031352996826,5.546138286590576,0.02621946856379509,0.34504634141921997
5.520059585571289,5.574031352996826,0.022355269640684128,0.3432626724243164
5.525583267211914,5.520059585571289,0.022355269640684128,0.3432626724243164
5.531105995178223,5.531105995178223,0.018363481387495995,0.3440179228782654
5.558694839477539,5.558694839477539,0.013625005260109901,0.3459060788154602
5.495211601257324,5.484330654144287,0.0059457081370055676,0.34082290530204773
5.506086826324463,5.506086826324463,0.003259766148403287,0.342307984828949
5.516955375671387,5.516955375671387,-0.0020157438702881336,0.3430505096912384
5.459036827087402,5.459036827087402,-0.007312387228012085,0.3390985131263733
5.469784259796143,5.46441125869751,-0.010022598318755627,0.3394647240638733
5.48052453994751,5.469784259796143,-0.015553431585431099,0.3398309051990509
5.362917423248291,5.362917423248291,-0.018267186358571053,0.33256614208221436
5.368185997009277,5.368185997009277,-0.023595154285430908,0.33292338252067566
5.368185997009277,5.368185997009277,-0.028521161526441574,0.33292338252067566
5.3113250732421875,5.3113250732421875,-0.03307553008198738,0.3290731608867645
5.316546440124512,5.316546440124512,-0.03532903641462326,0.32942622900009155
5.316546440124512,5.316546440124512,-0.0395793654024601,0.32942622900009155
5.179956436157227,5.179956436157227,-0.04158272221684456,0.3202199637889862
5.174846172332764,5.174846172332764,-0.04515167698264122,0.3198767602443695
5.174846172332764,5.174846172332764,-0.04845137894153595,0.3198767602443695
5.015259265899658,5.174846172332764,-0.04989982768893242,0.3198767602443695
5.015259265899658,5.015259265899658,-0.05129256844520569,0.30920127034187317
5.035185813903809,5.025224685668945,-0.05305909737944603,0.3098655045032501
5.040163993835449,5.035185813903809,-0.05660048872232437,0.31052976846694946
4.871203422546387,4.871203422546387,-0.05848337709903717,0.29963424801826477
4.880853652954102,4.880853652954102,-0.064325250685215,0.3002731502056122
4.861548900604248,4.861548900604248,-0.06701668351888657,0.29899537563323975
4.717893123626709,4.717893123626709,-0.0681784376502037,0.2895222306251526
4.713181495666504,4.713181495666504,-0.0691886693239212,0.28921255469322205
4.708469390869141,4.713181495666504,-0.07088450342416763,0.28921255469322205
5.135156154632568,5.135156154632568,-0.2948066294193268,0.2889029085636139
4.900768280029297,4.900768280029297,-0.29610463976860046,0.2746756076812744
4.9056501388549805,4.900768280029297,-0.29682329297065735,0.2746756076812744
4.910531044006348,4.9056501388549805,-0.2983883023262024,0.27497032284736633
4.745205402374268,4.910531044006348,-0.2983883023262024,0.27497032284736633
4.7262187004089355,4.7262187004089355,-0.2993706166744232,0.26418110728263855
4.678683280944824,4.678683280944824,-0.2975999414920807,0.26133739948272705
4.456222057342529,4.456222057342529,-0.2942863404750824,0.24810725450515747
4.4332051277160645,4.4332051277160645,-0.2901749014854431,0.2467455267906189
4.414775371551514,4.423991680145264,-0.28553536534309387,0.246200829744339
4.233999252319336,4.233999252319336,-0.2829211950302124,0.23501403629779816
4.20721435546875,4.20721435546875,-0.27673324942588806,0.23344378173351288
4.175928592681885,4.175928592681885,-0.26954516768455505,0.23161181807518005
3.9527394771575928,3.9527394771575928,-0.2579168975353241,0.21860654652118683
3.9355897903442383,3.9527394771575928,-0.2539077401161194,0.21860654652118683
3.914137840270996,3.922720432281494,-0.24951857328414917,0.2168656587600708
3.6542904376983643,3.6542904376983643,-0.2448708713054657,0.20138166844844818
3.6178152561187744,3.6178152561187744,-0.2342187762260437,0.19928880035877228
4.128093719482422,4.146543025970459,-0.5406633019447327,0.19835862517356873
3.8887248039245605,4.128093719482422,-0.528743326663971,0.19742844998836517
3.8711464405059814,3.8887248039245605,-0.5231249332427979,0.18541903793811798
3.8271522521972656,3.8491580486297607,-0.5162268877029419,0.18344414234161377
3.8139402866363525,3.8271522521972656,-0.5025878548622131,0.18234699964523315
3.800722599029541,3.800722599029541,-0.4958387017250061,0.18103040754795074
3.4592299461364746,3.4592299461364746,-0.48143261671066284,0.16412660479545593
3.426560640335083,3.442899703979492,-0.47378769516944885,0.1633230447769165
3.406125068664551,3.426560640335083,-0.45832085609436035,0.16251948475837708
3.127383232116699,3.127383232116699,-0.45038965344429016,0.14787742495536804
3.096942663192749,3.112166166305542,-0.4419087767601013,0.14713618159294128
3.081712484359741,3.096942663192749,-0.4254857301712036,0.14639495313167572
3.0626652240753174,3.0626652240753174,-0.4170011878013611,0.1447271704673767
2.8370745182037354,2.8370745182037354,-0.3989028334617615,0.13379043340682983
2.7939674854278564,2.8155269622802734,-0.38909026980400085,0.1327492594718933
2.7723958492279053,2.7723958492279053,-0.3693254590034485,0.13066691160202026
2.5474770069122314,2.5642802715301514,-0.35894107818603516,0.12065090984106064
2.9698805809020996,2.9698805809020996,-0.6350885033607483,0.1190379187464714
2.926767587661743,2.926767587661743,-0.6137062311172485,0.11726364493370056
2.5457897186279297,2.9110777378082275,-0.5924701690673828,0.11661846190690994
2.5249857902526855,2.5249857902526855,-0.5715788006782532,0.1008237972855568
2.50417160987854,2.5180487632751465,-0.5510061979293823,0.1005413681268692
1.810041904449463,1.810041904449463,-0.5408820509910583,0.07193216681480408
1.7845813035964966,1.7845813035964966,-0.5196914076805115,0.07091040164232254
1.7591100931167603,1.7591100931167603,-0.4980037808418274,0.069888636469841
1.6374351978302002,1.6374351978302002,-0.4758566915988922,0.06501339375972748
1.6085131168365479,1.6085131168365479,-0.4420289993286133,0.06385588645935059
1.5062922239303589,1.5062922239303589,-0.4303271174430847,0.05976872891187668
1.4855766296386719,1.4855766296386719,-0.4063701331615448,0.05894116312265396
1.460249662399292,1.4717628955841064,-0.3939029574394226,0.05838944762945175
1.4487346410751343,1.460249662399292,-0.36985453963279724,0.057929690927267075
1.4204295873641968,1.4204295873641968,-0.357830286026001,0.05634010210633278
1.4067884683609009,1.4067884683609009,-0.3338940143585205,0.05579575523734093
1.3863223791122437,1.3863223791122437,-0.30987748503685,0.05497922748327255
1.2630903720855713,1.2630903720855713,-0.286205917596817,0.050067074596881866
1.252597451210022,1.2588932514190674,-0.2745142877101898,0.049899905920028687
1.2463011741638184,1.252597451210022,-0.25183409452438354,0.04964915290474892
1.5153812170028687,1.5153812170028687,-0.5247089862823486,0.04990021884441376
1.5051610469818115,1.5051610469818115,-0.5035105347633362,0.049561336636543274
1.50005042552948,1.50005042552948,-0.4832868278026581,0.04939189925789833
1.5533753633499146,1.5533753633499146,-0.46437931060791016,0.051160458475351334
1.5480762720108032,1.5533753633499146,-0.4552537202835083,0.051160458475351334
1.5427765846252441,1.5480762720108032,-0.4376228451728821,0.05098465085029602
1.5401266813278198,1.5401266813278198,-0.42920583486557007,0.050720930099487305
1.5995454788208008,1.5995454788208008,-0.4124922752380371,0.052692804485559464
1.5856947898864746,1.5856947898864746,-0.38821446895599365,0.052233003079891205
1.6557761430740356,1.6557761430740356,-0.3804157078266144,0.05456046015024185
1.649963617324829,1.6528700590133667,-0.37281009554862976,0.05446389690041542
1.6441503763198853,1.649963617324829,-0.358041912317276,0.05436732620000839
1.632522702217102,1.6441503763198853,-0.35054895281791687,0.05417419224977493
1.6527326107025146,1.6527326107025146,-0.33577960729599,0.054459329694509506
1.6438242197036743,1.6467938423156738,-0.3283950090408325,0.05426201596856117
1.6378847360610962,1.6378847360610962,-0.3140437602996826,0.05396604165434837
1.6425769329071045,1.6378847360610962,-0.3070678114891052,0.05396604165434837
1.6306408643722534,1.6306408643722534,-0.2933804392814636,0.05372541770339012
2.0415475368499756,1.6246720552444458,-0.2796778976917267,0.053527168929576874
2.0919413566589355,2.0919413566589355,-0.5572495460510254,0.054561179131269455
2.076418876647949,2.076418876647949,-0.5437295436859131,0.05415095016360283
2.0686557292938232,2.072537422180176,-0.530604898929596,0.054048389196395874
2.196866512298584,2.196866512298584,-0.5241526365280151,0.057337436825037
2.176206350326538,2.184471368789673,-0.5111407041549683,0.05700916796922684
2.1555373668670654,2.1555373668670654,-0.4980626404285431,0.056243207305669785
2.1501269340515137,2.1501269340515137,-0.48513296246528625,0.0561000257730484
2.129338502883911,2.141812562942505,-0.4787202477455139,0.05588002875447273
2.121020793914795,2.129338502883911,-0.4722336530685425,0.05555002763867378
2.057966709136963,2.057966709136963,-0.45925965905189514,0.05366344377398491
2.0417120456695557,2.0417120456695557,-0.4463235139846802,0.05323414131999016
2.029517650604248,2.0335826873779297,-0.4399077296257019,0.053019482642412186
2.0150094032287598,2.029517650604248,-0.43363186717033386,0.052912160754203796
2.0069186687469482,2.0069186687469482,-0.4213717579841614,0.05231564864516258
1.99073326587677,1.998826503753662,-0.41527464985847473,0.052102115005254745
1.9785912036895752,1.99073326587677,-0.4091983437538147,0.05188858136534691
1.9704948663711548,1.9704948663711548,-0.39689549803733826,0.051354747265577316
1.950636863708496,1.950636863708496,-0.3843661844730377,0.050831135362386703
1.9262763261795044,1.9384578466415405,-0.3779829442501068,0.05051009729504585
1.9181538820266724,1.9262763261795044,-0.3651011884212494,0.050189059227705
1.776189923286438,1.9262763261795044,-0.3589247167110443,0.050189059227705
1.7686066627502441,1.776189923286438,-0.3524516224861145,0.046239160001277924
2.4000909328460693,2.410365581512451,-0.6420791745185852,0.04594019800424576
2.3898143768310547,2.3898143768310547,-0.6295055747032166,0.045541584491729736
2.4242985248565674,2.4242985248565674,-0.6105451583862305,0.046210549771785736
2.392608880996704,2.392608880996704,-0.5978358387947083,0.04559577628970146
2.310462713241577,2.376755475997925,-0.5914201140403748,0.04528838396072388
2.279242753982544,2.279242753982544,-0.5776305794715881,0.043399959802627563
2.2167415618896484,2.2167415618896484,-0.5622639060020447,0.04219160974025726
2.0727076530456543,2.195889949798584,-0.5467046499252319,0.041788823902606964
2.0076451301574707,2.0426888465881348,-0.5290565490722656,0.03883456438779831
1.962556004524231,1.9826000928878784,-0.5105456709861755,0.03767819702625275
1.9895124435424805,1.9895124435424805,-0.5012906789779663,0.03781115636229515
1.9485464096069336,1.9485464096069336,-0.4737450182437897,0.03702342137694359
1.9024239778518677,1.9024239778518677,-0.46408921480178833,0.03613722324371338
1.7346664667129517,1.7346664667129517,-0.4446118175983429,0.03291981294751167
1.7011429071426392,1.7011429071426392,-0.42503419518470764,0.032277919352054596
1.5088919401168823,1.681978702545166,-0.3960864543914795,0.031911127269268036
